日期,收盘价
1/5/09,2020.243
1/6/09,2091.892
1/7/09,2104.922
1/8/09,2052.3
1/9/09,2107.766
1/12/09,2137.841
1/13/09,2081.672
1/14/09,2160.064
1/15/09,2181.061
1/16/09,2195.634
1/19/09,2192.807
1/20/09,2214.839
1/21/09,2217.626
1/22/09,2256.367
1/23/09,2238.082
2/2/09,2306.769
2/3/09,2369.654
2/4/09,2423.887
2/5/09,2384.764
2/6/09,2493.74
2/9/09,2579.228
2/10/09,2653.213
2/11/09,2658.05
2/12/09,2707.922
2/13/09,2805.01
2/16/09,2854.444
2/17/09,2738.58
2/18/09,2632.908
2/19/09,2687.489
2/20/09,2776.955
2/23/09,2871.792
2/24/09,2754.24
2/25/09,2771.098
2/26/09,2571.276
2/27/09,2416.949
3/2/09,2478.808
3/3/09,2499.826
3/4/09,2651.405
3/5/09,2671.575
3/6/09,2653.469
3/9/09,2536.01
3/10/09,2601.417
3/11/09,2587.371
3/12/09,2597.232
3/13/09,2569.629
3/16/09,2603.058
3/17/09,2699.594
3/18/09,2734.547
3/19/09,2797.155
3/20/09,2784.106
3/23/09,2843.879
3/24/09,2865.333
3/25/09,2785.664
3/26/09,2853.411
3/27/09,2877.88
3/30/09,2883.214
3/31/09,2914.128
4/1/09,2962.839
4/2/09,2965.735
4/3/09,2934.253
4/7/09,2968.519
4/8/09,2867.168
4/9/09,2915.024
4/10/09,3009.376
4/13/09,3050.372
4/14/09,3099.429
4/15/09,3143.821
4/16/09,3159.26
4/17/09,3119.419
4/20/09,3205.884
4/21/09,3205.076
4/22/09,3042.638
4/23/09,3059.709
4/24/09,3036.761
4/27/09,2916.114
4/28/09,2959.952
4/29/09,3040.04
4/30/09,3086.217
5/4/09,3190.254
5/5/09,3220.615
5/6/09,3264.579
5/7/09,3242.626
5/8/09,3257.588
5/11/09,3134.573
5/12/09,3212.139
5/13/09,3234.151
5/14/09,3246.557
5/15/09,3270.738
5/18/09,3295.651
5/19/09,3325.531
5/20/09,3306.474
5/21/09,3247.475
5/22/09,3254.534
5/25/09,3271.501
5/26/09,3274.849
5/27/09,3276.748
6/1/09,3332.337
6/2/09,3353.922
6/3/09,3380.188
6/4/09,3375.873
6/5/09,3355.778
6/8/09,3350.238
6/9/09,3366.911
6/10/09,3403.208
6/11/09,3382.997
6/12/09,3309.587
6/15/09,3356.714
6/16/09,3349.35
6/17/09,3403.962
6/18/09,3431.281
6/19/09,3434.055
6/22/09,3405.13
6/23/09,3392.112
6/24/09,3431.444
6/25/09,3427.473
6/26/09,3448.461
6/29/09,3476.788
6/30/09,3452.263
7/1/09,3503.754
7/2/09,3540.509
7/3/09,3584.858
7/6/09,3592.64
7/7/09,3589.187
7/8/09,3633.433
7/9/09,3701.79
7/10/09,3719.97
7/13/09,3754.344
7/14/09,3813.876
7/15/09,3848.632
7/16/09,3829.207
7/17/09,3852.863
7/20/09,3919.426
7/21/09,3824.288
7/22/09,3894.563
7/23/09,3933.113
7/24/09,3907.967
7/27/09,3972.644
7/28/09,4022.91
7/29/09,3764.64
7/30/09,3803.124
7/31/09,3928.584
8/3/09,4020.266
8/4/09,4069.346
8/5/09,4069.338
8/6/09,4015.421
8/7/09,3893.125
8/10/09,3933.047
8/11/09,3953.293
8/12/09,3770.137
8/13/09,3778.14
8/14/09,3609.698
8/17/09,3358.103
8/18/09,3424.775
8/19/09,3247.526
8/20/09,3374.351
8/21/09,3468.042
8/24/09,3541.804
8/25/09,3485.924
8/26/09,3595.115
8/27/09,3629.513
8/28/09,3531.41
8/31/09,3277.997
9/1/09,3245.274
9/2/09,3265.074
9/3/09,3427.442
9/4/09,3489.063
9/7/09,3527.254
9/8/09,3592.806
9/9/09,3613.41
9/10/09,3581.683
9/11/09,3641.816
9/14/09,3736.576
9/15/09,3775.213
9/16/09,3781.064
9/17/09,3868.667
9/18/09,3739.732
9/21/09,3804.331
9/22/09,3708.199
9/23/09,3595.706
9/24/09,3568.669
9/25/09,3536.811
9/28/09,3434.655
9/29/09,3372.074
9/30/09,3400.623
10/9/09,3576.444
10/12/09,3597.863
10/13/09,3659.081
10/14/09,3692.648
10/15/09,3704.404
10/16/09,3716.897
10/19/09,3808.181
10/20/09,3865.832
10/21/09,3839.947
10/22/09,3855.768
10/23/09,3908.435
10/26/09,3911.653
10/27/09,3807.976
10/28/09,3846.415
10/29/09,3777.505
10/30/09,3827.683
11/2/09,3955.783
11/3/09,4053.212
11/4/09,4083.482
11/5/09,4125.781
11/6/09,4145.137
11/9/09,4176.188
11/10/09,4182.77
11/11/09,4199.549
11/12/09,4213.245
11/13/09,4267.008
11/16/09,4364.973
11/17/09,4387.552
11/18/09,4406.779
11/19/09,4476.138
11/20/09,4508.293
11/23/09,4591.339
11/24/09,4347.657
11/25/09,4512.08
11/26/09,4328.408
11/27/09,4215.338
11/30/09,4405.328
12/1/09,4525.288
12/2/09,4591.384
12/3/09,4621.941
12/4/09,4506.082
12/7/09,4581.242
12/8/09,4571.764
12/9/09,4498.152
12/10/09,4536.557
12/11/09,4534.763
12/14/09,4513.594
12/15/09,4523.493
12/16/09,4506.039
12/17/09,4364.926
12/18/09,4203.48
12/21/09,4256.389
12/22/09,4136.822
12/23/09,4210.173
12/24/09,4345.296
12/25/09,4376.193
12/28/09,4447.205
12/29/09,4463.604
12/30/09,4446.067
12/31/09,4485.255
1/4/10,4510.527
1/5/10,4557.475
1/6/10,4550.279
1/7/10,4459.155
1/8/10,4514.452
1/11/10,4542.949
1/12/10,4639.632
1/13/10,4591.024
1/14/10,4714.1
1/15/10,4747.648
1/18/10,4829.062
1/19/10,4830.016
1/20/10,4651.074
1/21/10,4667.209
1/22/10,4537.88
1/25/10,4481.16
1/26/10,4294.383
1/27/10,4267.113
1/28/10,4336.381
1/29/10,4374.649
2/1/10,4331.366
2/2/10,4301.768
2/3/10,4363.079
2/4/10,4408.441
2/5/10,4311.293
2/8/10,4310.894
2/9/10,4311.891
2/10/10,4366.25
2/11/10,4356.517
2/12/10,4416.219
2/22/10,4419.547
2/23/10,4459.155
2/24/10,4556.281
2/25/10,4629.965
2/26/10,4634.671
3/1/10,4686.266
3/2/10,4690.293
3/3/10,4758.434
3/4/10,4586.523
3/5/10,4604.586
3/8/10,4654.583
3/9/10,4660.126
3/10/10,4598.994
3/11/10,4562.872
3/12/10,4492.861
3/15/10,4454.76
3/16/10,4491.465
3/17/10,4616.053
3/18/10,4630.953
3/19/10,4663.903
3/22/10,4690.198
3/23/10,4658.626
3/24/10,4683.065
3/25/10,4620.749
3/26/10,4686.931
3/29/10,4723.611
3/30/10,4744.423
3/31/10,4756.157
4/1/10,4827.214
4/2/10,4843.175
4/6/10,4852.904
4/7/10,4863.639
4/8/10,4864.922
4/9/10,4939.176
4/12/10,4976.38
4/13/10,4919.873
4/14/10,4977.508
4/15/10,4914.747
4/16/10,4898.67
4/19/10,4688.836
4/20/10,4749.934
4/21/10,4893.978
4/22/10,4902.405
4/23/10,4864.164
4/26/10,4866.553
4/27/10,4739.269
4/28/10,4714.432
4/29/10,4561.4
4/30/10,4438.681
5/4/10,4434.131
5/5/10,4564.807
5/6/10,4419.781
5/7/10,4350.758
5/10/10,4269.108
5/11/10,4144.352
5/12/10,4042.516
5/13/10,4157.842
5/14/10,4184.841
5/17/10,3915.752
5/18/10,3972.154
5/19/10,3977.377
5/20/10,3901.257
5/21/10,3982.385
5/24/10,4163.477
5/25/10,4133.346
5/26/10,4144.662
5/27/10,4218.637
5/28/10,4235.322
5/31/10,4104.364
6/1/10,4025.789
6/2/10,4083.616
6/3/10,4053.985
6/4/10,4089.035
6/7/10,4072.568
6/8/10,4109.317
6/9/10,4211.881
6/10/10,4223.566
6/11/10,4197.995
6/17/10,4145.243
6/18/10,3972.286
6/21/10,4087.017
6/22/10,4119.722
6/23/10,4094.568
6/24/10,4095.295
6/25/10,4028.433
6/28/10,3961.382
6/29/10,3736.982
6/30/10,3664.464
7/1/10,3606.593
7/2/10,3585.576
7/5/10,3563.882
7/6/10,3665.334
7/7/10,3718.662
7/8/10,3698.342
7/9/10,3807.604
7/12/10,3849.52
7/13/10,3788.751
7/14/10,3824.046
7/15/10,3735.395
7/16/10,3757.432
7/19/10,3842.313
7/20/10,3951.358
7/21/10,3959.427
7/22/10,4017.864
7/23/10,4015.467
7/26/10,4071.094
7/27/10,4068.864
7/28/10,4162.321
7/29/10,4194.04
7/30/10,4191.13
8/2/10,4267.895
8/3/10,4193.641
8/4/10,4248.014
8/5/10,4267.955
8/6/10,4356.012
8/9/10,4413.568
8/10/10,4246.46
8/11/10,4297.904
8/12/10,4241.592
8/13/10,4323.052
8/16/10,4423.315
8/17/10,4457.759
8/18/10,4457.127
8/19/10,4461.488
8/20/10,4366.604
8/23/10,4404.718
8/24/10,4456.497
8/25/10,4368.304
8/26/10,4399.284
8/27/10,4431.444
8/30/10,4553.023
8/31/10,4589.289
9/1/10,4530.229
9/2/10,4625.395
9/3/10,4662.96
9/6/10,4651.963
9/7/10,4679.942
9/8/10,4720.375
9/9/10,4658.009
9/10/10,4705.31
9/13/10,4789.693
9/14/10,4805.416
9/15/10,4730.143
9/16/10,4610.916
9/17/10,4603.489
9/20/10,4553.12
9/21/10,4546.724
9/27/10,4673.602
9/28/10,4654.345
9/29/10,4590.317
9/30/10,4660.605
10/8/10,4767.967
10/11/10,4789.155
10/12/10,4806.029
10/13/10,4836.737
10/14/10,4679.548
10/15/10,4691.45
10/18/10,4636.639
10/19/10,4778.607
10/20/10,4794.194
10/21/10,4833.8
10/22/10,4877.927
10/25/10,4998.5
10/26/10,5046.148
10/27/10,4994.774
10/28/10,4999.59
10/29/10,5055.492
11/1/10,5199.525
11/2/10,5173.066
11/3/10,5098.539
11/4/10,5228.296
11/5/10,5311.77
11/8/10,5431.091
11/9/10,5467.839
11/10/10,5484.742
11/11/10,5440.099
11/12/10,5111.189
11/15/10,5255.267
11/16/10,5068.465
11/17/10,4855.85
11/18/10,4932.401
11/19/10,5081.03
11/22/10,5150.665
11/23/10,5063.237
11/24/10,5206.149
11/25/10,5259.81
11/26/10,5227.648
11/29/10,5248.747
11/30/10,5110.875
12/1/10,5116.837
12/2/10,5138.487
12/3/10,5100.366
12/6/10,5016.528
12/7/10,5084.583
12/8/10,5069.97
12/9/10,4964.901
12/10/10,5039.165
12/13/10,5179.021
12/14/10,5244.038
12/15/10,5230.68
12/16/10,5216.851
12/17/10,5228.337
12/20/10,5163.529
12/21/10,5222.792
12/22/10,5174.539
12/23/10,5069.523
12/24/10,4991.544
12/27/10,4849.63
12/28/10,4730.497
12/29/10,4812.532
12/30/10,4828.489
12/31/10,4936.716
1/4/11,5011.498
1/5/11,5028.766
1/6/11,5001.283
1/7/11,4975.144
1/10/11,4830.562
1/11/11,4804.822
1/12/11,4833.58
1/13/11,4826.757
1/14/11,4723.426
1/17/11,4519.913
1/18/11,4536.964
1/19/11,4646.087
1/20/11,4477.359
1/21/11,4506.322
1/24/11,4398.495
1/25/11,4341.909
1/26/11,4424.892
1/27/11,4502.808
1/28/11,4548.206
1/31/11,4610.86
2/1/11,4630.58
2/9/11,4609.717
2/10/11,4733.973
2/11/11,4786.806
2/14/11,4872.495
2/15/11,4869.687
2/16/11,4952.667
2/17/11,4987.48
2/18/11,4941.432
2/21/11,5042.967
2/22/11,4909.745
2/23/11,4979.057
2/24/11,5027.731
2/25/11,5032.797
2/28/11,5095.208
3/1/11,5122.441
3/2/11,5108.74
3/3/11,5009.047
3/4/11,5067.621
3/7/11,5138.248
3/8/11,5165.735
3/9/11,5181.368
3/10/11,5143.413
3/11/11,5139.746
3/14/11,5190.037
3/15/11,5131.332
3/16/11,5199.358
3/17/11,5104.134
3/18/11,5126.934
3/21/11,5086.108
3/22/11,5085.812
3/23/11,5155.337
3/24/11,5169.264
3/25/11,5212.345
3/28/11,5199.552
3/29/11,5111.153
3/30/11,5064.545
3/31/11,5000.402
4/1/11,5065.076
4/6/11,5057.84
4/7/11,5089.751
4/8/11,5148.799
4/11/11,5107.137
4/12/11,5114.459
4/13/11,5165.207
4/14/11,5150.869
4/15/11,5162.415
4/18/11,5178.894
4/19/11,5116.144
4/20/11,5152.395
4/21/11,5188.111
4/22/11,5165.123
4/25/11,5054.768
4/26/11,4970.572
4/27/11,4913.497
4/28/11,4755.416
4/29/11,4836.866
5/3/11,4920.57
5/4/11,4814.781
5/5/11,4827.212
5/6/11,4849.969
5/9/11,4889.92
5/10/11,4918.674
5/11/11,4929.488
5/12/11,4863.795
5/13/11,4902.564
5/16/11,4900.706
5/17/11,4873.954
5/18/11,4906.189
5/19/11,4879.892
5/20/11,4863.185
5/23/11,4679.527
5/24/11,4672.076
5/25/11,4618.748
5/26/11,4572.942
5/27/11,4428.894
5/30/11,4345.048
5/31/11,4444.276
6/1/11,4490.892
6/2/11,4429.999
6/3/11,4506.196
6/7/11,4547.303
6/8/11,4562.972
6/9/11,4456.73
6/10/11,4469.049
6/13/11,4468.787
6/14/11,4540.939
6/15/11,4499.694
6/16/11,4402.143
6/17/11,4337.367
6/20/11,4278.753
6/21/11,4338.422
6/22/11,4321.219
6/23/11,4402.938
6/24/11,4509.18
6/27/11,4568.189
6/28/11,4574.477
6/29/11,4511.545
6/30/11,4579.332
7/1/11,4604.746
7/4/11,4719.391
7/5/11,4749.424
7/6/11,4760.917
7/7/11,4761.452
7/8/11,4756.614
7/11/11,4799.42
7/12/11,4731.118
7/13/11,4825.419
7/14/11,4866.165
7/15/11,4896.043
7/18/11,4895.26
7/19/11,4843.705
7/20/11,4849.057
7/21/11,4784.388
7/22/11,4800.938
7/25/11,4613.73
7/26/11,4633.372
7/27/11,4710.379
7/28/11,4680.898
7/29/11,4628.32
8/1/11,4644.462
8/2/11,4610.783
8/3/11,4625.173
8/4/11,4649.425
8/5/11,4559.018
8/8/11,4330.771
8/9/11,4317.107
8/10/11,4378.698
8/11/11,4454.394
8/12/11,4505.886
8/15/11,4571.719
8/16/11,4533.321
8/17/11,4513.485
8/18/11,4436.101
8/19/11,4395.019
8/22/11,4363.959
8/23/11,4434.922
8/24/11,4427.978
8/25/11,4520.171
8/26/11,4530.423
8/29/11,4490.158
8/30/11,4451.726
8/31/11,4430.538
9/1/11,4395.069
9/2/11,4344.977
9/5/11,4238.069
9/6/11,4204.908
9/7/11,4306.361
9/8/11,4260.155
9/9/11,4233.748
9/13/11,4164.288
9/14/11,4212.129
9/15/11,4215.5
9/16/11,4214.816
9/19/11,4131.885
9/20/11,4151.851
9/21/11,4275.094
9/22/11,4151.8
9/23/11,4117.735
9/26/11,4051.425
9/27/11,4068.231
9/28/11,3999.782
9/29/11,3871.06
9/30/11,3856.828
10/10/11,3832.577
10/11/11,3817.927
10/12/11,3950.655
10/13/11,4001.853
10/14/11,3985.193
10/17/11,3997.121
10/18/11,3877.024
10/19/11,3854.169
10/20/11,3740.469
10/21/11,3671.695
10/24/11,3736.765
10/25/11,3842.978
10/26/11,3884.39
10/27/11,3888.992
10/28/11,3978.8
10/31/11,3999.362
11/1/11,3999.831
11/2/11,4072.781
11/3/11,4097.618
11/4/11,4131.13
11/7/11,4114.767
11/8/11,4057.555
11/9/11,4126.003
11/10/11,4064.371
11/11/11,4062.144
11/14/11,4159.567
11/15/11,4192.665
11/16/11,4088.323
11/17/11,4079.536
11/18/11,3963.258
11/21/11,3966.636
11/22/11,3957.93
11/23/11,3942.695
11/24/11,3935.273
11/25/11,3911.356
11/28/11,3915.298
11/29/11,3980.618
11/30/11,3819.942
12/1/11,3897.019
12/2/11,3817.041
12/5/11,3692.227
12/6/11,3691.804
12/7/11,3702.103
12/8/11,3700.089
12/9/11,3663.843
12/12/11,3616.087
12/13/11,3490.4
12/14/11,3423.474
12/15/11,3329.575
12/16/11,3427.214
12/19/11,3434.845
12/20/11,3424.448
12/21/11,3342.401
12/22/11,3298.724
12/23/11,3327.394
12/26/11,3308.072
12/27/11,3224.148
12/28/11,3207.399
12/29/11,3207.181
12/30/11,3266.775
1/4/12,3192.234
1/5/12,3074.368
1/6/12,3087.546
1/9/12,3212.904
1/10/12,3345.391
1/11/12,3346.742
1/12/12,3345.812
1/13/12,3233.701
1/16/12,3130.558
1/17/12,3304.88
1/18/12,3237.852
1/19/12,3270.765
1/20/12,3315.603
1/30/12,3292.409
1/31/12,3294.494
2/1/12,3266.234
2/2/12,3328.153
2/3/12,3383.05
2/6/12,3412.405
2/7/12,3356.838
2/8/12,3445.52
2/9/12,3469.846
2/10/12,3488.229
2/13/12,3519.875
2/14/12,3524.625
2/15/12,3578.149
2/16/12,3577.202
2/17/12,3565.306
2/20/12,3574.458
2/21/12,3618.302
2/22/12,3689.004
2/23/12,3700.888
2/24/12,3756.825
2/27/12,3764.326
2/28/12,3745.58
2/29/12,3696.144
3/1/12,3715.673
3/2/12,3794.416
3/5/12,3798.377
3/6/12,3760.585
3/7/12,3732.707
3/8/12,3791.827
3/9/12,3848.108
3/12/12,3871.12
3/13/12,3910.064
3/14/12,3734.317
3/15/12,3689.014
3/16/12,3786.617
3/19/12,3829.696
3/20/12,3746.284
3/21/12,3760.047
3/22/12,3742.388
3/23/12,3670.129
3/26/12,3666.279
3/27/12,3652.876
3/28/12,3490.007
3/29/12,3425.702
3/30/12,3416.856
4/5/12,3531.549
4/6/12,3554.027
4/9/12,3512.914
4/10/12,3554.038
4/11/12,3566.476
4/12/12,3640.407
4/13/12,3675.028
4/16/12,3685.481
4/17/12,3631.556
4/18/12,3714.02
4/19/12,3704.705
4/20/12,3736.365
4/23/12,3691.574
4/24/12,3666.395
4/25/12,3718.911
4/26/12,3700.028
4/27/12,3664.638
5/2/12,3718.259
5/3/12,3733.816
5/4/12,3758.004
5/7/12,3784.556
5/8/12,3783.472
5/9/12,3717.47
5/10/12,3731.131
5/11/12,3715.385
5/14/12,3710.097
5/15/12,3705.883
5/16/12,3660.312
5/17/12,3714.186
5/18/12,3655.858
5/21/12,3653.546
5/22/12,3711.055
5/23/12,3708.919
5/24/12,3678.093
5/25/12,3635.516
5/28/12,3687.455
5/29/12,3745.678
5/30/12,3752.219
5/31/12,3753.593
6/1/12,3744.437
6/4/12,3621.808
6/5/12,3617.614
6/6/12,3600.163
6/7/12,3581.137
6/8/12,3564.158
6/11/12,3630.314
6/12/12,3608.391
6/13/12,3674.875
6/14/12,3652.705
6/15/12,3648.994
6/18/12,3684.727
6/19/12,3657.958
6/20/12,3636.09
6/21/12,3590.837
6/25/12,3493.116
6/26/12,3489.972
6/27/12,3476.403
6/28/12,3427.819
6/29/12,3470.965
7/2/12,3509.503
7/3/12,3515.778
7/4/12,3497.748
7/5/12,3418.202
7/6/12,3486.546
7/9/12,3398.805
7/10/12,3365.665
7/11/12,3404.104
7/12/12,3450.302
7/13/12,3435.084
7/16/12,3311.089
7/17/12,3334.286
7/18/12,3352.848
7/19/12,3392.656
7/20/12,3369.913
7/23/12,3337.856
7/24/12,3361.09
7/25/12,3332.085
7/26/12,3302.336
7/27/12,3283.592
7/30/12,3217.452
7/31/12,3159.192
8/1/12,3216.184
8/2/12,3195.863
8/3/12,3259.856
8/6/12,3337.267
8/7/12,3368.252
8/8/12,3356.485
8/9/12,3405.058
8/10/12,3395.849
8/13/12,3318.1
8/14/12,3349.585
8/15/12,3310.839
8/16/12,3286.828
8/17/12,3286.778
8/20/12,3289.439
8/21/12,3335.753
8/22/12,3306.111
8/23/12,3327.99
8/24/12,3265.749
8/27/12,3184.331
8/28/12,3200.993
8/29/12,3179.54
8/30/12,3129.495
8/31/12,3139.5
9/3/12,3200.306
9/4/12,3164.826
9/5/12,3181.8
9/6/12,3217.936
9/7/12,3334.66
9/10/12,3363.605
9/11/12,3350.088
9/12/12,3376.122
9/13/12,3329.299
9/14/12,3338.038
9/17/12,3237.704
9/18/12,3224.259
9/19/12,3255.866
9/20/12,3161.763
9/21/12,3143.71
9/24/12,3167.161
9/25/12,3144.408
9/26/12,3071.989
9/27/12,3141.082
9/28/12,3199.752
10/8/12,3183.365
10/9/12,3265.617
10/10/12,3296.923
10/11/12,3248.045
10/12/12,3240.399
10/15/12,3223.189
10/16/12,3233.229
10/17/12,3240.778
10/18/12,3294.835
10/19/12,3285.445
10/22/12,3298.488
10/23/12,3259.067
10/24/12,3257.921
10/25/12,3226.172
10/26/12,3163.295
10/29/12,3158.943
10/30/12,3160.687
10/31/12,3168.097
11/1/12,3228.19
11/2/12,3249.552
11/5/12,3235.352
11/6/12,3213.26
11/7/12,3209.141
11/8/12,3129.568
11/9/12,3116.978
11/12/12,3136.308
11/13/12,3072.121
11/14/12,3081.254
11/15/12,3026.844
11/16/12,3009.153
11/19/12,3016.159
11/20/12,3004.183
11/21/12,3035.282
11/22/12,2995.093
11/23/12,3005.459
11/26/12,2970.323
11/27/12,2864.169
11/28/12,2800.537
11/29/12,2774.176
11/30/12,2816.624
12/3/12,2749.134
12/4/12,2783.412
12/5/12,2886.186
12/6/12,2884.348
12/7/12,2950.193
12/10/12,3002.231
12/11/12,2982.027
12/12/12,2982.885
12/13/12,2943.276
12/14/12,3066.231
12/17/12,3091.875
12/18/12,3086.584
12/19/12,3099.092
12/20/12,3108.86
12/21/12,3101.074
12/24/12,3117.698
12/25/12,3189.088
12/26/12,3228.675
12/27/12,3199.481
12/28/12,3235.195
12/31/12,3275.86
1/4/13,3258.251
1/7/13,3288.369
1/8/13,3327.04
1/9/13,3334.987
1/10/13,3356.35
1/11/13,3271.179
1/14/13,3384.745
1/15/13,3450.682
1/16/13,3450.56
1/17/13,3408.022
1/18/13,3464.645
1/21/13,3491.122
1/22/13,3435.434
1/23/13,3441.745
1/24/13,3369.732
1/25/13,3364.061
1/28/13,3449.794
1/29/13,3482.519
1/30/13,3500.578
1/31/13,3479.638
2/1/13,3507.709
2/4/13,3484.362
2/5/13,3520.646
2/6/13,3544.385
2/7/13,3557.667
2/8/13,3608.589
2/18/13,3627.776
2/19/13,3561.357
2/20/13,3635.375
2/21/13,3560.317
2/22/13,3548.358
2/25/13,3587.587
2/26/13,3533.204
2/27/13,3535.896
2/28/13,3608.199
3/1/13,3648.422
3/4/13,3518.717
3/5/13,3597.922
3/6/13,3653.934
3/7/13,3609.64
3/8/13,3570.38
3/11/13,3571.105
3/12/13,3481.175
3/13/13,3449.35
3/14/13,3464.854
3/15/13,3471.214
3/18/13,3427.12
3/19/13,3438.072
3/20/13,3527.772
3/21/13,3565.02
3/22/13,3579.92
3/25/13,3568.523
3/26/13,3543.812
3/27/13,3552.257
3/28/13,3448.977
3/29/13,3447.285
4/1/13,3470.96
4/2/13,3428.5
4/3/13,3397.232
4/8/13,3411.13
4/9/13,3444.371
4/10/13,3437.267
4/11/13,3423.217
4/12/13,3394.517
4/15/13,3346.851
4/16/13,3383.081
4/17/13,3412.416
4/18/13,3423.012
4/19/13,3495.242
4/22/13,3511.624
4/23/13,3416.449
4/24/13,3484.568
4/25/13,3431.401
4/26/13,3367.766
5/2/13,3383.398
5/3/13,3448.64
5/6/13,3514.457
5/7/13,3521.477
5/8/13,3553.848
5/9/13,3555.769
5/10/13,3577.327
5/13/13,3590.758
5/14/13,3549.303
5/15/13,3597.106
5/16/13,3635.755
5/17/13,3691.399
5/20/13,3737.748
5/21/13,3787.059
5/22/13,3755.874
5/23/13,3724.229
5/24/13,3782.071
5/27/13,3820.427
5/28/13,3827.782
5/29/13,3856.319
5/30/13,3865.134
5/31/13,3841.218
6/3/13,3814.51
6/4/13,3739.724
6/5/13,3755.148
6/6/13,3688.736
6/7/13,3616.21
6/13/13,3515.05
6/14/13,3584.978
6/17/13,3593.371
6/18/13,3605.758
6/19/13,3583.298
6/20/13,3465.004
6/21/13,3446.483
6/24/13,3232.962
6/25/13,3219.134
6/26/13,3285.818
6/27/13,3233.222
6/28/13,3235.978
7/1/13,3304.591
7/2/13,3359.053
7/3/13,3364.184
7/4/13,3390.488
7/5/13,3371.529
7/8/13,3240.477
7/9/13,3259.911
7/10/13,3361.395
7/11/13,3455.884
7/12/13,3425.135
7/15/13,3493.441
7/16/13,3536.313
7/17/13,3485.074
7/18/13,3481.201
7/19/13,3394.306
7/22/13,3461.281
7/23/13,3544.966
7/24/13,3566.282
7/25/13,3498.242
7/26/13,3494.159
7/29/13,3426.593
7/30/13,3411.219
7/31/13,3430.743
8/1/13,3521.152
8/2/13,3533.609
8/5/13,3592.538
8/6/13,3631.124
8/7/13,3596.318
8/8/13,3605.85
8/9/13,3618.744
8/12/13,3676.195
8/13/13,3695.552
8/14/13,3681.082
8/15/13,3631.321
8/16/13,3554.348
8/19/13,3609.028
8/20/13,3599.637
8/21/13,3627.501
8/22/13,3636.469
8/23/13,3627.97
8/26/13,3703.593
8/27/13,3732.098
8/28/13,3703.92
8/29/13,3701.083
8/30/13,3664.148
9/2/13,3689.959
9/3/13,3744.871
9/4/13,3755.239
9/5/13,3762.569
9/6/13,3792.832
9/9/13,3831.927
9/10/13,3870.923
9/11/13,3834.258
9/12/13,3845.068
9/13/13,3849.82
9/16/13,3854.207
9/17/13,3786.292
9/18/13,3822.123
9/23/13,3899.625
9/24/13,3903.518
9/25/13,3889.221
9/26/13,3808.216
9/27/13,3822.758
9/30/13,3872.893
10/8/13,3938.068
10/9/13,3981.058
10/10/13,3959.63
10/11/13,4026.916
10/14/13,4068.32
10/15/13,4074.083
10/16/13,3963.212
10/17/13,3956.965
10/18/13,3970.641
10/21/13,4069.033
10/22/13,4026.516
10/23/13,3924.219
10/24/13,3898.156
10/25/13,3821.779
10/28/13,3808.703
10/29/13,3703.86
10/30/13,3764.453
10/31/13,3713.829
11/1/13,3702.445
11/4/13,3728.188
11/5/13,3777.404
11/6/13,3737.106
11/7/13,3685.04
11/8/13,3629.94
11/11/13,3645.84
11/12/13,3680.536
11/13/13,3611.76
11/14/13,3659.83
11/15/13,3736.452
11/18/13,3827.882
11/19/13,3840.365
11/20/13,3878.584
11/21/13,3865.41
11/22/13,3842.756
11/25/13,3839.602
11/26/13,3845.676
11/27/13,3889.755
11/28/13,3922.666
11/29/13,3946.383
12/2/13,3770.865
12/3/13,3859.955
12/4/13,3932.998
12/5/13,3928.724
12/6/13,3918.783
12/9/13,3947.704
12/10/13,3950.486
12/11/13,3906.78
12/12/13,3916.962
12/13/13,3925.434
12/16/13,3857.715
12/17/13,3834.027
12/18/13,3834.045
12/19/13,3795.023
12/20/13,3747.002
12/23/13,3742.738
12/24/13,3768.703
12/25/13,3808.453
12/26/13,3743.132
12/27/13,3800.774
12/30/13,3813.003
12/31/13,3829.096
1/2/14,3847.879
1/3/14,3816.316
1/6/14,3710.898
1/7/14,3733.662
1/8/14,3738.205
1/9/14,3696.023
1/10/14,3628.634
1/13/14,3612.02
1/14/14,3683.534
1/15/14,3708.142
1/16/14,3714.314
1/17/14,3671.915
1/20/14,3644.125
1/21/14,3700.108
1/22/14,3799.042
1/23/14,3825.486
1/24/14,3882.668
1/27/14,3881.947
1/28/14,3873.81
1/29/14,3908.45
1/30/14,3885.416
2/7/14,3957.671
2/10/14,4074.63
2/11/14,4080.378
2/12/14,4125.412
2/13/14,4064.423
2/14/14,4134.16
2/17/14,4212.745
2/18/14,4207.699
2/19/14,4207.994
2/20/14,4149.071
2/21/14,4121.917
2/24/14,4105.792
2/25/14,3961.439
2/26/14,3987.48
2/27/14,3934.727
2/28/14,3975.929
3/3/14,4058.799
3/4/14,4059.567
3/5/14,4037.784
3/6/14,4032.756
3/7/14,4012.447
3/10/14,3860.244
3/11/14,3864.26
3/12/14,3865.662
3/13/14,3907.146
3/14/14,3888.975
3/17/14,3967.15
3/18/14,3989.201
3/19/14,3980.673
3/20/14,3876.578
3/21/14,3952.392
3/24/14,3985.861
3/25/14,3991.144
3/26/14,4001.502
3/27/14,3944.044
3/28/14,3865.295
3/31/14,3840.536
4/1/14,3899.488
4/2/14,3902.043
4/3/14,3896.28
4/4/14,3939.229
4/8/14,3981.625
4/9/14,4018.547
4/10/14,4038.84
4/11/14,4021.194
4/14/14,4051.33
4/15/14,4021.906
4/16/14,4019.883
4/17/14,4014.94
4/18/14,4029.262
4/21/14,3965.337
4/22/14,3947.169
4/23/14,3929.168
4/24/14,3884.811
4/25/14,3800.681
4/28/14,3684.593
4/29/14,3738.926
4/30/14,3766.17
5/5/14,3798.288
5/6/14,3817.98
5/7/14,3749.965
5/8/14,3754.011
5/9/14,3716.022
5/12/14,3812.758
5/13/14,3806.89
5/14/14,3803.803
5/15/14,3732.337
5/16/14,3726.656
5/19/14,3705.364
5/20/14,3715.71
5/21/14,3747.334
5/22/14,3746.14
5/23/14,3786.563
5/26/14,3827.487
5/27/14,3818.322
5/28/14,3861.588
5/29/14,3821.867
5/30/14,3829.238
6/3/14,3822.716
6/4/14,3789.294
6/5/14,3832.055
6/6/14,3818.333
6/9/14,3797.429
6/10/14,3840.019
6/11/14,3858.051
6/12/14,3850.113
6/13/14,3891.557
6/16/14,3914.981
6/17/14,3879.344
6/18/14,3858.099
6/19/14,3755.694
6/20/14,3789.342
6/23/14,3815.879
6/24/14,3839.203
6/25/14,3814.03
6/26/14,3861.95
6/27/14,3889.323
6/30/14,3924.903
7/1/14,3951.726
7/2/14,3979.31
7/3/14,4019.647
7/4/14,4004.561
7/7/14,4014.488
7/8/14,4039.707
7/9/14,3982.404
7/10/14,3982.198
7/11/14,4029.751
7/14/14,4090.802
7/15/14,4093.113
7/16/14,4062.119
7/17/14,4031.44
7/18/14,4042.521
7/21/14,4030.242
7/22/14,4083.288
7/23/14,4057.113
7/24/14,4054.223
7/25/14,4089.801
7/28/14,4168.373
7/29/14,4207.862
7/30/14,4214.836
7/31/14,4257.045
8/1/14,4210.219
8/4/14,4278.847
8/5/14,4300.12
8/6/14,4328.601
8/7/14,4286.09
8/8/14,4311.697
8/11/14,4377.018
8/12/14,4399.806
8/13/14,4401.809
8/14/14,4373.504
8/15/14,4423.636
8/18/14,4483.544
8/19/14,4496.938
8/20/14,4497.399
8/21/14,4495.44
8/22/14,4521.752
8/25/14,4487.142
8/26/14,4407.588
8/27/14,4421.212
8/28/14,4381.494
8/29/14,4427.879
9/1/14,4507.442
9/2/14,4576.12
9/3/14,4608.557
9/4/14,4647.886
9/5/14,4666.474
9/9/14,4701.699
9/10/14,4709.909
9/11/14,4704.942
9/12/14,4756.949
9/15/14,4807.555
9/16/14,4645.546
9/17/14,4686.047
9/18/14,4719.009
9/19/14,4758.727
9/22/14,4694.229
9/23/14,4754.472
9/24/14,4815.71
9/25/14,4814.735
9/26/14,4829.935
9/29/14,4877.435
9/30/14,4916.119
10/8/14,4993.531
10/9/14,5004.001
10/10/14,4981.853
10/13/14,4982.681
10/14/14,4966.083
10/15/14,4987.707
10/16/14,4906.244
10/17/14,4860.732
10/20/14,4929.16
10/21/14,4884.024
10/22/14,4825.609
10/23/14,4755.231
10/24/14,4774.666
10/27/14,4809.518
10/28/14,4924.955
10/29/14,4991.755
10/30/14,4992.63
10/31/14,4986.416
11/3/14,5028.698
11/4/14,5003.47
11/5/14,4995.443
11/6/14,5024.848
11/7/14,4977.255
11/10/14,5031.001
11/11/14,4881.48
11/12/14,4965.384
11/13/14,4921.671
11/14/14,4909.609
11/17/14,4958.466
11/18/14,4967.651
11/19/14,4985.101
11/20/14,4974.626
11/21/14,5029.773
11/24/14,5112.119
11/25/14,5189.001
11/26/14,5214.21
11/27/14,5251.389
11/28/14,5245.267
12/1/14,5208.139
12/2/14,5277.657
12/3/14,5339.005
12/4/14,5451.962
12/5/14,5333.892
12/8/14,5412.674
12/9/14,5195.406
12/10/14,5374.097
12/11/14,5454.443
12/12/14,5493.2
12/15/14,5583.597
12/16/14,5606.693
12/17/14,5557.286
12/18/14,5558.045
12/19/14,5524.122
12/22/14,5305.209
12/23/14,5193.722
12/24/14,5262.365
12/25/14,5364.563
12/26/14,5422.751
12/29/14,5367.637
12/30/14,5275.085
12/31/14,5322.714
1/5/15,5417.017
1/6/15,5479.864
1/7/15,5488.242
1/8/15,5444.037
1/9/15,5409.058
1/12/15,5332.221
1/13/15,5405.091
1/14/15,5379.738
1/15/15,5449.038
1/16/15,5520.123
1/19/15,5281.895
1/20/15,5472.514
1/21/15,5611.694
1/22/15,5690.156
1/23/15,5633.289
1/26/15,5758.979
1/27/15,5773.816
1/28/15,5739.919
1/29/15,5701.205
1/30/15,5632.728
2/2/15,5609.389
2/3/15,5707.476
2/4/15,5683.519
2/5/15,5654.217
2/6/15,5534.785
2/9/15,5504.974
2/10/15,5580.704
2/11/15,5641.786
2/12/15,5681.341
2/13/15,5769.272
2/16/15,5869.713
2/17/15,5911.098
2/25/15,5906.538
2/26/15,5969.557
2/27/15,6018.463
3/2/15,6139.792
3/3/15,6118.656
3/4/15,6210.421
3/5/15,6208.988
3/6/15,6133.026
3/9/15,6212.236
3/10/15,6276.485
3/11/15,6262.892
3/12/15,6260.137
3/13/15,6329.576
3/16/15,6516.765
3/17/15,6618.054
3/18/15,6728.068
3/19/15,6782.463
3/20/15,6850.897
3/23/15,7017.154
3/24/15,7046.123
3/25/15,7124.872
3/26/15,7074.437
3/27/15,7155.945
3/30/15,7245.497
3/31/15,7253.104
4/1/15,7425.733
4/2/15,7560.648
4/3/15,7679.01
4/7/15,7863.284
4/8/15,7807.997
4/9/15,7746.151
4/10/15,7952.189
4/13/15,8122.893
4/14/15,8119.959
4/15/15,7802.747
4/16/15,7912.088
4/17/15,7980.76
4/20/15,7839.901
4/21/15,8112.687
4/22/15,8323.427
4/23/15,8410.703
4/24/15,8419.095
4/27/15,8513.016
4/28/15,8266.483
4/29/15,8428.254
4/30/15,8469.673
5/4/15,8510.481
5/5/15,8199.344
5/6/15,8082.999
5/7/15,7903.478
5/8/15,8201.293
5/11/15,8558.218
5/12/15,8745.678
5/13/15,8824.929
5/14/15,8813.393
5/15/15,8742.885
5/18/15,8903.595
5/19/15,9124.833
5/20/15,9277.331
5/21/15,9619.223
5/22/15,9778.171
5/25/15,10040.09
5/26/15,10373.58
5/27/15,10497.34
5/28/15,9868.424
5/29/15,9966.845
6/1/15,10488.31
6/2/15,10886.4
6/3/15,10979.99
6/4/15,10965.41
6/5/15,11144.52
6/8/15,11030.92
6/9/15,11013.74
6/10/15,11208.0577
6/11/15,11366.2931
6/12/15,11545.8906
6/15/15,11332.892
6/16/15,10879.8358
6/17/15,11100.5456
6/18/15,10731.3787
6/19/15,9987.4074
6/23/15,10046.8849
6/24/15,10267.6266
6/25/15,9906.1037
6/26/15,9078.0648
6/29/15,8484.6434
6/30/15,8906.0202
7/1/15,8411.9097
7/2/15,7835.1035
7/3/15,7355.491
7/6/15,7235.999
7/7/15,6763.5263
7/8/15,6602.3735
7/9/15,6896.3516
7/10/15,7244.7842
7/13/15,7695.6351
7/14/15,7859.0574
7/15/15,7405.2945
7/16/15,7578.7585
7/17/15,7994.6971
7/20/15,8116.4956
7/21/15,8220.4627
7/22/15,8320.2364
7/23/15,8551.9909
7/24/15,8425.0739
7/27/15,7794.1809
7/28/15,7649.8199
7/29/15,8022.7956
7/30/15,7800.5799
7/31/15,7727.0608
8/3/15,7540.2053
8/4/15,7942.0952
8/5/15,7839.3375
8/6/15,7792.0278
8/7/15,8013.3187
8/10/15,8394.0862
8/11/15,8435.3271
8/12/15,8336.3365
8/13/15,8534.4288
8/14/15,8625.2423
8/17/15,8820.4567
8/18/15,8161.2687
8/19/15,8340.9828
8/20/15,8049.5116
8/21/15,7612.9024
8/24/15,7006.1885
8/25/15,6481.4117
8/26/15,6238.5256
8/27/15,6456.0548
8/28/15,6842.8938
8/31/15,6581.3127
9/1/15,6169.2072
9/2/15,6122.5533
9/7/15,6143.5566
9/8/15,6374.8551
9/9/15,6551.0072
9/10/15,6440.3093
9/11/15,6493.3191
9/14/15,6049.7904
9/15/15,5708.0299
9/16/15,6084.8367
9/17/15,5965.409
9/18/15,6036.8814
9/21/15,6250.4393
9/22/15,6295.9258
9/23/15,6224.6006
9/24/15,6315.1101
9/25/15,6108.3764
9/28/15,6219.6917
9/29/15,6103.6058
9/30/15,6123.7274
10/8/15,6372.4924
10/9/15,6470.0514
10/12/15,6718.7221
10/13/15,6802.0769
10/14/15,6724.4957
10/15/15,6929.2374
10/16/15,7047.5599
10/19/15,7047.3718
10/20/15,7162.0754
10/21/15,6712.7386
10/22/15,6964.2976
10/23/15,7138.2344
10/26/15,7186.7548
10/27/15,7231.4362
10/28/15,7048.8952
10/29/15,7108.9748
10/30/15,7084.9706
11/2/15,6936.4315
11/3/15,6920.1029
11/4/15,7267.9884
11/5/15,7276.4505
11/6/15,7446.8471
11/9/15,7543.8014
11/10/15,7575.0084
11/11/15,7684.666
11/12/15,7682.4517
11/13/15,7567.108
11/16/15,7718.8548
11/17/15,7650.3808
11/18/15,7526.9417
11/19/15,7718.622
11/20/15,7806.2655
11/23/15,7744.1822
11/24/15,7798.4975
11/25/15,7922.3841
11/26/15,7874.0797
11/27/15,7376.1243
11/30/15,7408.3988
12/1/15,7443.9452
12/2/15,7405.8596
12/3/15,7570.5077
12/4/15,7511.6749
12/7/15,7602.2276
12/8/15,7404.142
12/9/15,7374.2742
12/10/15,7350.2098
12/11/15,7290.7017
12/14/15,7441.0301
12/15/15,7498.1813
12/16/15,7529.4028
12/17/15,7716.246
12/18/15,7699.37
12/21/15,7788.564
12/22/15,7856.6081
12/23/15,7773.2825
12/24/15,7753.0367
12/25/15,7792.1244
12/28/15,7603.3609
12/29/15,7674.3881
12/30/15,7741.0472
12/31/15,7617.689
1/4/16,6983.4044
1/5/16,6889.7414
1/6/16,7065.6068
1/7/16,6462.2428
1/8/16,6570.4316
1/11/16,6128.6558
1/12/16,6136.6632
1/13/16,5924.044
1/14/16,6124.8202
1/15/16,5893.6815
1/18/16,5978.9076
1/19/16,6197.0947
1/20/16,6138.5031
1/21/16,5886.8835
1/22/16,5980.6111
1/25/16,6041.3261
1/26/16,5589.3069
1/27/16,5514.1886
1/28/16,5271.2325
1/29/16,5469.1254
2/1/16,5399.4771
2/2/16,5586.6266
2/3/16,5610.1734
2/4/16,5721.4853
2/5/16,5664.1971
2/15/16,5668.0398
2/16/16,5902.5341
2/17/16,5971.4123
2/18/16,5957.1305
2/19/16,5979.5164
2/22/16,6103.7225
2/23/16,6070.4998
2/24/16,6111.0427
2/25/16,5626.0522
2/26/16,5648.9376
2/29/16,5350.4337
3/1/16,5473.6349
3/2/16,5753.1482
3/3/16,5776.977
3/4/16,5621.5614
3/7/16,5752.5482
3/8/16,5764.3253
3/9/16,5617.0376
3/10/16,5521.948
3/11/16,5508.9818
3/14/16,5690.5904
3/15/16,5639.8012
3/16/16,5562.8037
3/17/16,5745.975
3/18/16,5949.263
3/21/16,6099.4805
3/22/16,6075.4922
3/23/16,6118.9664
3/24/16,6018.4242
3/25/16,6077.4312
3/28/16,6037.7782
3/29/16,5921.8672
3/30/16,6137.5034
3/31/16,6155.8138
4/1/16,6124.5278
4/5/16,6286.5826
4/6/16,6323.4342
4/7/16,6228.9737
4/8/16,6168.7419
4/11/16,6304.3004
4/12/16,6252.7729
4/13/16,6344.2255
4/14/16,6401.8545
4/15/16,6384.3496
4/18/16,6281.2024
4/19/16,6308.229
4/20/16,6022.2126
4/21/16,5970.682
4/22/16,6011.3201
4/25/16,5978.0772
4/26/16,6046.7734
4/27/16,6016.699
4/28/16,5990.3285
4/29/16,5985.594
5/3/16,6167.4537
5/4/16,6169.7826
5/5/16,6203.8166
5/6/16,5961.489
5/9/16,5743.6473
5/10/16,5738.8961
5/11/16,5723.4104
5/12/16,5726.4555
5/13/16,5714.3107
5/16/16,5812.5423
5/17/16,5790.3416
5/18/16,5631.1927
5/19/16,5666.7331
5/20/16,5732.9018
5/23/16,5809.4761
5/24/16,5743.1782
5/25/16,5715.1834
5/26/16,5744.3876
5/27/16,5739.5897
5/30/16,5711.3152
5/31/16,5947.3224
6/1/16,5973.7799
6/2/16,6013.8942
6/3/16,6032.603
6/6/16,6051.8595
6/7/16,6045.3571
6/8/16,6023.8776
6/13/16,5746.4438
6/14/16,5762.7612
6/15/16,5952.846
6/16/16,5930.5454
6/17/16,5964.2724
6/20/16,5985.5691
6/21/16,5916.8032
6/22/16,6008.8857
6/23/16,5978.1737
6/24/16,5903.6202
6/27/16,6044.2191
6/28/16,6107.5105
6/29/16,6120.2021
6/30/16,6123.4939
7/1/16,6111.5385
7/4/16,6231.8811
7/5/16,6269.5046
7/6/16,6297.3969
7/7/16,6319.7926
7/8/16,6299.8533
7/11/16,6312.4988
7/12/16,6395.1448
7/13/16,6446.5634
7/14/16,6455.5827
7/15/16,6441.0159
7/18/16,6412.0731
7/19/16,6431.9383
7/20/16,6417.9223
7/21/16,6442.7093
7/22/16,6390.9254
7/25/16,6408.7831
7/26/16,6494.4743
7/27/16,6229.2885
7/28/16,6243.2883
7/29/16,6202.8923
8/1/16,6109.2782
8/2/16,6168.5088
8/3/16,6198.3885
8/4/16,6238.2309
8/5/16,6203.2872
8/8/16,6290.7562
8/9/16,6341.5497
8/10/16,6318.2681
8/11/16,6226.3129
8/12/16,6299.0915
8/15/16,6442.5272
8/16/16,6468.8946
8/17/16,6488.3648
8/18/16,6490.408
8/19/16,6499.5548
8/22/16,6420.3544
8/23/16,6428.6978
8/24/16,6435.0586
8/25/16,6382.5704
8/26/16,6410.7335
8/29/16,6427.5291
8/30/16,6425.7543
8/31/16,6434.2103
9/1/16,6381.4755
9/2/16,6356.9538
9/5/16,6391.7923
9/6/16,6492.9722
9/7/16,6494.3159
9/8/16,6517.9835
9/9/16,6471.053
9/12/16,6291.6364
9/13/16,6320.0315
9/14/16,6278.158
9/19/16,6344.181
9/20/16,6342.0328
9/21/16,6343.7541
9/22/16,6385.6353
9/23/16,6370.5834
9/26/16,6241.5157
9/27/16,6286.9093
9/28/16,6281.2838
9/29/16,6298.7911
9/30/16,6328.0856
10/10/16,6447.6934
10/11/16,6486.4254
10/12/16,6482.7379
10/13/16,6484.831
10/14/16,6469.4915
10/17/16,6413.1487
10/18/16,6509.2821
10/19/16,6495.2574
10/20/16,6498.2375
10/21/16,6475.2807
10/24/16,6539.4661
10/25/16,6563.3539
10/26/16,6530.3898
10/27/16,6517.3594
10/28/16,6455.8349
10/31/16,6452.2058
11/1/16,6507.95
11/2/16,6455.1295
11/3/16,6483.7322
11/4/16,6462.5928
11/7/16,6468.8171
11/8/16,6503.1781
11/9/16,6453.5718
11/10/16,6536.9651
11/11/16,6583.8864
11/14/16,6615.0071
11/15/16,6640.4616
11/16/16,6644.1878
11/17/16,6636.469
11/18/16,6602.3265
11/21/16,6611.5399
11/22/16,6661.246
11/23/16,6631.1733
11/24/16,6623.0489
11/25/16,6652.8177
11/28/16,6670.8035
11/29/16,6620.7949
11/30/16,6585.5776
12/1/16,6624.4657
12/2/16,6520.9745
12/5/16,6486.0173
12/6/16,6490.8897
12/7/16,6558.0247
12/8/16,6527.4338
12/9/16,6513.9155
12/12/16,6249.0784
12/13/16,6278.1793
12/14/16,6239.4989
12/15/16,6280.3981
12/16/16,6318.5239
12/19/16,6320.7324
12/20/16,6300.6383
12/21/16,6347.6058
12/22/16,6341.7879
12/23/16,6281.9966
12/26/16,6294.7546
12/27/16,6288.8594
12/28/16,6270.2395
12/29/16,6252.6076
12/30/16,6263.6256
1/3/17,6320.7626
1/4/17,6394.6694
1/5/17,6399.2841
1/6/17,6371.6168
1/9/17,6415.4176
1/10/17,6393.9283
1/11/17,6331.9638
1/12/17,6272.851
1/13/17,6194.6575
1/16/17,6031.2414
1/17/17,6082.0657
1/18/17,6068.593
1/19/17,6043.675
1/20/17,6121.9983
1/23/17,6172.1671
1/24/17,6165.2642
1/25/17,6179.5681
1/26/17,6223.7061
2/3/17,6207.0921
2/6/17,6259.2471
2/7/17,6255.927
2/8/17,6291.5977
2/9/17,6331.1771
2/10/17,6337.1081
2/13/17,6369.6526
2/14/17,6374.8852
2/15/17,6311.6959
2/16/17,6359.3361
2/17/17,6307.1627
2/20/17,6385.0625
2/21/17,6434.4383
2/22/17,6474.225
2/23/17,6473.993
2/24/17,6476.1655
2/27/17,6424.2549
2/28/17,6450.9701
3/1/17,6467.6385
3/2/17,6434.6262
3/3/17,6452.839
3/6/17,6517.3235
3/7/17,6523.1868
3/8/17,6497.0878
3/9/17,6439.3822
3/10/17,6447.9165
3/13/17,6507.8964
3/14/17,6493.4846
3/15/17,6486.0616
3/16/17,6543.3407
3/17/17,6483.2463
3/20/17,6498.3416
3/21/17,6515.9458
3/22/17,6499.7928
3/23/17,6512.1874
3/24/17,6546.615
3/27/17,6516.0326
3/28/17,6498.6902
3/29/17,6480.543
3/30/17,6375.7437
3/31/17,6401.6479
4/5/17,6539.9665
4/6/17,6559.6526
4/7/17,6578.726
4/10/17,6566.5441
4/11/17,6629.1661
4/12/17,6576.4761
4/13/17,6615.7042
4/14/17,6528.1624
4/17/17,6456.598
4/18/17,6418.2114
4/19/17,6350.6465
4/20/17,6347.7732
4/21/17,6300.7128
4/24/17,6138.5049
4/25/17,6160.4612
4/26/17,6176.3981
4/27/17,6192.3044
4/28/17,6211.8624
5/2/17,6216.115
5/3/17,6197.4779
5/4/17,6176.3053
5/5/17,6089.6828
5/8/17,5975.5395
5/9/17,6012.0016
5/10/17,5885.841
5/11/17,5872.6391
5/12/17,5863.7832
5/15/17,5893.5075
5/16/17,6014.7344
5/17/17,6027.6504
5/18/17,5976.2998
5/19/17,5974.9772
5/22/17,5888.8127
5/23/17,5764.8759
5/24/17,5799.2499
5/25/17,5850.8006
5/26/17,5836.9338
5/31/17,5824.1042
6/1/17,5709.9994
6/2/17,5772.5174
6/5/17,5815.8022
6/6/17,5841.5232
6/7/17,5955.0153
6/8/17,5958.977
6/9/17,5969.2741
6/12/17,5902.8551
6/13/17,5980.0566
6/14/17,5966.4314
6/15/17,6021.1651
6/16/17,6012.9996
6/19/17,6057.4115
6/20/17,6066.9046
6/21/17,6078.1925
6/22/17,5992.3352
6/23/17,6010.3137
6/26/17,6111.6406
6/27/17,6113.1658
6/28/17,6086.2112
6/29/17,6116.9932
6/30/17,6138.1556
7/3/17,6177.3953
7/4/17,6146.8527
7/5/17,6193.9641
7/6/17,6201.6535
7/7/17,6226.0108
7/10/17,6206.5568
7/11/17,6128.9942
7/12/17,6132.9922
7/13/17,6149.9337
7/14/17,6128.7397
7/17/17,5876.4592
7/18/17,5938.4342
7/19/17,6059.3582
7/20/17,6099.2835
7/21/17,6126.1083
7/24/17,6167.1282
7/25/17,6153.5984
7/26/17,6146.7028
7/27/17,6184.0207
7/28/17,6215.4633
7/31/17,6298.0004
8/1/17,6286.5362
8/2/17,6251.8627
8/3/17,6261.9676
8/4/17,6225.1151
8/7/17,6303.4209
8/8/17,6303.716
8/9/17,6340.022
8/10/17,6289.2174
8/11/17,6161.1903
8/14/17,6292.6418
8/15/17,6314.7608
8/16/17,6318.7986
8/17/17,6366.034
8/18/17,6347.7557
8/21/17,6403.7803
8/22/17,6375.9814
8/23/17,6322.7819
8/24/17,6278.59
8/25/17,6346.5305
8/28/17,6424.5841
8/29/17,6408.1567
8/30/17,6453.4636
8/31/17,6470.4259
9/1/17,6526.5046
9/4/17,6564.6804
9/5/17,6571.8591
9/6/17,6607.1176
9/7/17,6558.5963
9/8/17,6574.1826
9/11/17,6649.6276
9/12/17,6644.0118
9/13/17,6684.3798
9/14/17,6672.1849
9/15/17,6622.0438
9/18/17,6669.4548
9/19/17,6636.0201
9/20/17,6692.4724
9/21/17,6612.0456
9/22/17,6572.0096
9/25/17,6489.8441
9/26/17,6520.7175
9/27/17,6583.1401
9/28/17,6567.7915
9/29/17,6603.2587
10/9/17,6678.371
10/10/17,6705.4812
10/11/17,6666.4696
10/12/17,6659.0957
10/13/17,6709.8164
10/16/17,6619.2056
10/17/17,6612.9428
10/18/17,6563.4369
10/19/17,6501.3999
10/20/17,6571.424
10/23/17,6612.7637
10/24/17,6603.0042
10/25/17,6647.892
10/26/17,6671.9288
10/27/17,6630.8067
10/30/17,6511.7616
10/31/17,6560.2054
11/1/17,6552.9545
11/2/17,6484.9258
11/3/17,6426.9799
11/6/17,6511.0958
11/7/17,6551.9363
11/8/17,6561.6897
11/9/17,6611.3517
11/10/17,6641.2164
11/13/17,6671.2054
11/14/17,6614.5136
11/15/17,6537.6563
11/16/17,6558.3085
11/17/17,6361.9415
11/20/17,6433.1702
11/21/17,6456.352
11/22/17,6439.4419
11/23/17,6274.5116
11/24/17,6278.0287
11/27/17,6194.5522
11/28/17,6299.3122
11/29/17,6318.3684
11/30/17,6263.421
12/1/17,6316.4072
12/4/17,6279.6206
12/5/17,6132.912
12/6/17,6172.8031
12/7/17,6135.4702
12/8/17,6203.1433
12/11/17,6286.1656
12/12/17,6233.2115
12/13/17,6277.441
12/14/17,6284.0807
12/15/17,6235.7608
12/18/17,6199.9889
12/19/17,6251.2416
12/20/17,6199.3628
12/21/17,6238.4987
12/22/17,6242.8847
12/25/17,6185.5907
12/26/17,6220.1473
12/27/17,6173.1528
12/28/17,6204.2702
12/29/17,6250.8207
1/2/18,6332.2269
1/3/18,6388.2533
1/4/18,6417.535
1/5/18,6417.2537
1/8/18,6446.1818
1/9/18,6445.7462
1/10/18,6405.9395
1/11/18,6425.9401
1/12/18,6399.3737
1/15/18,6253.3759
1/16/18,6301.1327
1/17/18,6267.4599
1/18/18,6286.8007
1/19/18,6272.38
1/22/18,6347.6383
1/23/18,6354.9978
1/24/18,6394.2999
1/25/18,6382.7165
1/26/18,6383.6312
1/29/18,6309.8836
1/30/18,6313.442
1/31/18,6189.3413
2/1/18,5984.7428
2/2/18,6004.8494
2/5/18,5998.2236
2/6/18,5704.2641
2/7/18,5711.3322
2/8/18,5766.4797
2/9/18,5554.8974
2/12/18,5699.0979
2/13/18,5736.9505
2/14/18,5754.8344
2/22/18,5875.7272
2/23/18,5897.6765
2/26/18,6029.6795
2/27/18,6010.5573
2/28/18,6023.677
3/1/18,6090.2247
3/2/18,6056.3354
3/5/18,6064.0983
3/6/18,6145.5768
3/7/18,6086.4874
3/8/18,6131.5142
3/9/18,6206.9754
3/12/18,6295.7776
3/13/18,6254.1457
3/14/18,6189.317
3/15/18,6180.1108
3/16/18,6146.3058
3/19/18,6153.8339
3/20/18,6173.6984
3/21/18,6129.2042
3/22/18,6101.2276
3/23/18,5787.1523
3/26/18,5902.9588
3/27/18,6034.775
3/28/18,5973.3414
3/29/18,6034.8572
3/30/18,6114.7382
4/2/18,6121.9642
4/3/18,6059.7089
4/4/18,6017.6863
4/9/18,6025.6493
4/10/18,6063.7423
4/11/18,6086.6126
4/12/18,6051.3346
4/13/18,6027.1867
4/16/18,6012.4053
4/17/18,5890.8571
4/18/18,5970.6577
4/19/18,6004.7334
4/20/18,5880.8359
4/23/18,5823.9205
4/24/18,5957.1927
4/25/18,5959.422
4/26/18,5847.9766
4/27/18,5860.9836
5/2/18,5855.3233
5/3/18,5910.6058
5/4/18,5909.2944
5/7/18,6019.1409
5/8/18,6041.8143
5/9/18,6029.2329
5/10/18,6040.5716
5/11/18,5991.3424
5/14/18,5967.5541
5/15/18,6020.5697
5/16/18,6004.0696
5/17/18,5973.7785
5/18/18,5995.1497
5/21/18,6072.1991
5/22/18,6092.9069
5/23/18,6013.8472
5/24/18,5992.6209
5/25/18,5917.7978
5/28/18,5891.2627
5/29/18,5835.4456
5/30/18,5682.5881
5/31/18,5754.4746
6/1/18,5685.1155
6/4/18,5683.1486
6/5/18,5779.0778
6/6/18,5774.2575
6/7/18,5738.0176
6/8/18,5669.3031
6/11/18,5632.3566
6/12/18,5693.3461
6/13/18,5607.0173
6/14/18,5586.9314
6/15/18,5483.9446
6/19/18,5141.7095
6/20/18,5198.3935
6/21/18,5089.2522
6/22/18,5160.1228
6/25/18,5125.0333
6/26/18,5160.2829
6/27/18,5109.4975
6/28/18,5055.1093
6/29/18,5217.7643
7/2/18,5138.7826
7/3/18,5197.1313
7/4/18,5121.3436
7/5/18,4982.7627
7/6/18,4996.6299
7/9/18,5107.5507
7/10/18,5136.5326
7/11/18,5036.1565
7/12/18,5172.5032
7/13/18,5204.1855
7/16/18,5195.2002
7/17/18,5196.1969
7/18/18,5156.6363
7/19/18,5111.3271
7/20/18,5175.2516
7/23/18,5214.0038
7/24/18,5304.641
7/25/18,5308.6569
7/26/18,5273.4789
7/27/18,5249.2904
7/30/18,5185.151
7/31/18,5188.7166
8/1/18,5105.3741
8/2/18,4996.012
8/3/18,4929.75
8/6/18,4825.2508
8/7/18,4956.8718
8/8/18,4880.5694
8/9/18,5004.7733
8/10/18,5030.5148
8/13/18,5055.2753
8/14/18,5037.8831
8/15/18,4932.8063
8/16/18,4888.3712
8/17/18,4803.0285
8/20/18,4832.6512
8/21/18,4891.9801
8/22/18,4837.0183
8/23/18,4863.6651
8/24/18,4852.2887
8/27/18,4960.0655
8/28/18,4974.2072
8/29/18,4941.9607
8/30/18,4867.1214
8/31/18,4814.8237
9/3/18,4838.873
9/4/18,4890.2806
9/5/18,4815.0343
9/6/18,4793.3454
9/7/18,4791.7779
9/10/18,4704.8782
9/11/18,4702.9032
9/12/18,4693.9743
9/13/18,4721.2121
9/14/18,4670.0799
9/17/18,4602.3901
9/18/18,4683.5056
9/19/18,4736.8934
9/20/18,4733.4806
9/21/18,4805.2151
9/25/18,4792.5507
9/26/18,4815.6306
9/27/18,4755.3803
9/28/18,4800.7287
10/8/18,4646.4929
10/9/18,4634.8939
10/10/18,4629.8877
10/11/18,4307.4208
10/12/18,4278.0353
10/15/18,4199.1532
10/16/18,4099.6831
10/17/18,4133.3832
10/18/18,4018.4614
10/19/18,4127.9854
10/22/18,4333.1445
10/23/18,4253.5561
10/24/18,4245.4884
10/25/18,4234.4208
10/26/18,4233.9585
10/29/18,4162.5255
10/30/18,4204.5424
10/31/18,4272.5518
11/1/18,4298.9837
11/2/18,4437.9456
11/5/18,4440.8274
11/6/18,4438.0965
11/7/18,4415.136
11/8/18,4382.3286
11/9/18,4368.6143
11/12/18,4481.6881
11/13/18,4563.5351
11/14/18,4545.5089
11/15/18,4619.8141
11/16/18,4659.0965
11/19/18,4670.737
11/20/18,4537.4493
11/21/18,4554.6747
11/22/18,4551.3264
11/23/18,4374.7644
11/26/18,4367.4619
11/27/18,4387.6515
11/28/18,4441.8569
11/29/18,4345.703
11/30/18,4376.6511
12/3/18,4515.1735
12/4/18,4536.2104
12/5/18,4502.7021
12/6/18,4411.0884
12/7/18,4410.9593
12/10/18,4359.3122
12/11/18,4395.5702
12/12/18,4393.324
12/13/18,4443.1572
12/14/18,4337.1025
12/17/18,4330.6465
12/18/18,4307.2675
12/19/18,4247.8991
12/20/18,4259.7614
12/21/18,4231.144
12/24/18,4274.7218
12/25/18,4225.5124
12/26/18,4208.4053
12/27/18,4161.2702
12/28/18,4168.0363
1/2/19,4131.9567
1/3/19,4112.807
1/4/19,4210.8786
1/7/19,4288.3234
1/8/19,4277.2967
1/9/19,4288.7717
1/10/19,4281.8606
1/11/19,4314.8757
1/14/19,4286.5474
1/15/19,4347.3555
1/16/19,4336.8779
1/17/19,4303.7308
1/18/19,4347.8112
1/21/19,4373.6333
1/22/19,4308.2518
1/23/19,4315.6846
1/24/19,4338.17
1/25/19,4318.4417
1/28/19,4307.2196
1/29/19,4254.2875
1/30/19,4211.6235
1/31/19,4176.4739
2/1/19,4294.2696
2/11/19,4402.8668
2/12/19,4439.485
2/13/19,4512.4088
2/14/19,4532.1699
2/15/19,4502.7348
2/18/19,4660.999
2/19/19,4667.2836
2/20/19,4667.6243
2/21/19,4659.1431
2/22/19,4777.2977
2/25/19,5044.3466
2/26/19,5038.5435
2/27/19,5017.8842
2/28/19,5025.2913
3/1/19,5067.225
3/4/19,5158.2467
3/5/19,5295.2878
3/6/19,5390.0294
3/7/19,5458.6153
3/8/19,5245.6999
3/11/19,5456.381
3/12/19,5551.0029
3/13/19,5424.8642
3/14/19,5298.5024
3/15/19,5359.0087
3/18/19,5501.183
3/19/19,5522.1801
3/20/19,5515.7856
3/21/19,5589.478
3/22/19,5622.1402
3/25/19,5549.6711
3/26/19,5394.8787
3/27/19,5447.8795
3/28/19,5370.1234
3/29/19,5547.6561
4/1/19,5757.8379
4/2/19,5775.5497
4/3/19,5836.0369
4/4/19,5871.5575
4/8/19,5847.6296
4/9/19,5858.0464
4/10/19,5850.7609
4/11/19,5727.1749
4/12/19,5714.3676
4/15/19,5655.9825
4/16/19,5777.0111
4/17/19,5807.7288
4/18/19,5775.171
4/19/19,5810.1798
4/22/19,5723.0417
4/23/19,5628.0624
4/24/19,5679.7256
4/25/19,5458.4194
4/26/19,5408.0306
4/29/19,5265.6011
4/30/19,5307.56
5/6/19,4908.7984
5/7/19,4973.4043
5/8/19,4947.7419
5/9/19,4888.4128
5/10/19,5064.323
5/13/19,5005.9044
5/14/19,4965.6124
5/15/19,5076.555
5/16/19,5108.3588
5/17/19,4942.5792
5/20/19,4923.5589
5/21/19,5009.8725
5/22/19,4976.3929
5/23/19,4872.9202
5/24/19,4841.7573
5/27/19,4962.947
5/28/19,4955.4855
5/29/19,4956.8638
5/30/19,4926.403
5/31/19,4912.0005
6/3/19,4853.8153
6/4/19,4795.4129
6/5/19,4783.8245
6/6/19,4678.7844
6/10/19,4725.2643
6/11/19,4901.4723
6/12/19,4863.4922
6/13/19,4877.6505
6/14/19,4795.5267
6/17/19,4802.8185
6/18/19,4797.1468
6/19/19,4858.9164
6/20/19,4954.7338
6/21/19,5021.3051
6/24/19,5024.2046
6/25/19,4974.9882
6/26/19,4962.5936
6/27/19,5007.4833
6/28/19,4950.4798
7/1/19,5100.2619
7/2/19,5084.41
7/3/19,5040.7227
7/4/19,5025.0207
7/5/19,5042.6599
7/8/19,4870.7807
7/9/19,4881.6235
7/10/19,4843.8649
7/11/19,4844.5474
7/12/19,4861.5679
7/15/19,4925.3243
7/16/19,4932.0458
7/17/19,4929.085
7/18/19,4844.1087
7/19/19,4878.6903
7/22/19,4776.5749
7/23/19,4823.9182
7/24/19,4873.0271
7/25/19,4891.6432
7/26/19,4898.1099
7/29/19,4897.0183
7/30/19,4922.9175
7/31/19,4903.203
8/1/19,4870.469
8/2/19,4809.9198