交易代码,平均预测净利润
2.0,21410537500.0
5.0,177000000.0
8.0,455000000.0
12.0,999790000.0
18.0,515396000.0
21.0,378035000.0
28.0,978000000.0
34.0,429624000.0
35.0,288713333.3333333
39.0,227333333.33333334
43.0,477000000.0
49.0,230240000.0
59.0,1792385000.0
60.0,298480000.0
62.0,449000000.0
63.0,3877706250.0
65.0,377316666.6666667
66.0,534220000.0
68.0,34765000.0
69.0,5229000000.0
89.0,609500000.0
100.0,2444433333.3333335
150.0,1082000000.0
157.0,63700000.0
158.0,368800000.0
166.0,5666000000.0
333.0,14898202000.0
338.0,2197000000.0
400.0,848754285.7142857
401.0,46500000.0
402.0,2912680000.0
403.0,135490000.0
404.0,242260000.0
415.0,2525466666.6666665
418.0,1200090000.0
422.0,92810000.0
423.0,1832581538.4615386
425.0,217900000.0
426.0,118090000.0
430.0,102000000.0
488.0,1807000000.0
498.0,471453333.3333333
501.0,959180000.0
505.0,86935000.0
513.0,768520000.0
519.0,156100000.0
521.0,228465000.0
524.0,40515000.0
525.0,145090000.0
528.0,18000000.0
529.0,108500000.0
530.0,167500000.0
536.0,550000000.0
538.0,3124292000.0
540.0,3463000000.0
546.0,294000000.0
550.0,1668000000.0
554.0,4230000.0
558.0,153340000.0
561.0,111800000.0
567.0,39650000.0
568.0,1860665000.0
581.0,1670300000.0
582.0,509180000.0
591.0,550260000.0
596.0,838250000.0
597.0,52340000.0
598.0,940263333.3333334
599.0,123333333.33333333
606.0,69760000.0
612.0,101000000.0
615.0,63695000.0
616.0,301000000.0
625.0,11182500000.0
630.0,306778000.0
639.0,150500000.0
651.0,14448207142.857143
656.0,1768400000.0
661.0,475666666.6666667
662.0,484333333.3333333
665.0,459210000.0
666.0,817700000.0
671.0,1986800000.0
679.0,6600000.0
682.0,62750000.0
683.0,392900000.0
686.0,2485000000.0
687.0,214000000.0
688.0,322000000.0
690.0,652000000.0
697.0,25000000.0
703.0,759000000.0
709.0,1368000000.0
711.0,152233333.33333334
716.0,148030000.0
717.0,46140000.0
718.0,1213026666.6666667
725.0,1906150000.0
726.0,808500000.0
727.0,24000000.0
728.0,1869000000.0
732.0,2081273333.3333333
733.0,207500000.0
750.0,1134000000.0
756.0,115710000.0
758.0,435000000.0
759.0,55000000.0
767.0,20000000.0
768.0,614000000.0
776.0,7435000000.0
778.0,610000000.0
783.0,2509148000.0
786.0,1130000000.0
796.0,274995000.0
797.0,136000000.0
799.0,99940000.0
801.0,230145000.0
802.0,233682000.0
807.0,499000000.0
810.0,576710000.0
811.0,288333333.3333333
815.0,4000000.0
818.0,277000000.0
820.0,303733333.3333333
822.0,-98000000.0
823.0,144500000.0
825.0,1178300000.0
826.0,1153760000.0
829.0,174880000.0
830.0,235000000.0
835.0,74570000.0
836.0,49850000.0
848.0,497000000.0
858.0,7159008461.538462
860.0,415366666.6666667
869.0,1000780000.0
875.0,193215000.0
876.0,2800350000.0
877.0,14800000.0
878.0,331700000.0
881.0,376500000.0
882.0,168500000.0
888.0,197838333.33333334
890.0,154500000.0
892.0,313500000.0
895.0,4541600000.0
898.0,1593166666.6666667
902.0,1043000000.0
903.0,216000000.0
906.0,151000000.0
909.0,60000000.0
910.0,446270000.0
911.0,85090000.0
917.0,512000000.0
918.0,1257000000.0
920.0,160510000.0
921.0,1062000000.0
925.0,-103000000.0
926.0,752000000.0
928.0,478930000.0
930.0,190000000.0
932.0,938000000.0
933.0,212330000.0
936.0,564900000.0
937.0,450505000.0
939.0,474030000.0
949.0,166866666.66666666
951.0,369500000.0
957.0,585000000.0
959.0,459800000.0
960.0,209850000.0
961.0,686000000.0
965.0,311000000.0
967.0,278876000.0
968.0,304310000.0
970.0,317000000.0
975.0,327253333.3333333
977.0,496460000.0
978.0,47513333.333333336
980.0,71740000.0
981.0,643666666.6666666
987.0,990000000.0
990.0,233032500.0
997.0,451671666.6666667
998.0,604250000.0
999.0,1305963333.3333333
1979.0,8730016666.666666
2001.0,1287000000.0
2002.0,839730000.0
2003.0,301550000.0
2004.0,760150000.0
2005.0,24300000.0
2006.0,67110000.0
2007.0,793500000.0
2008.0,811666666.6666666
2009.0,106170000.0
2010.0,651833333.3333334
2013.0,599891428.5714285
2019.0,763000000.0
2022.0,259500000.0
2024.0,284380000.0
2026.0,130000000.0
2027.0,4350847500.0
2029.0,245000000.0
2030.0,127600000.0
2032.0,1064666666.6666666
2033.0,228020000.0
2035.0,311200000.0
2041.0,491000000.0
2042.0,421000000.0
2043.0,262400000.0
2044.0,468000000.0
2045.0,56000000.0
2046.0,-20000000.0
2048.0,710935000.0
2049.0,390000000.0
2050.0,863233333.3333334
2051.0,1296740000.0
2053.0,258760000.0
2055.0,95170000.0
2058.0,2700000.0
2059.0,125960000.0
2061.0,123110000.0
2062.0,275000000.0
2064.0,-244815000.0
2065.0,1335816666.6666667
2071.0,263690000.0
2074.0,1079976923.0769231
2075.0,147400000.0
2076.0,73000000.0
2077.0,130000000.0
2078.0,1001436000.0
2080.0,429810000.0
2081.0,1837872000.0
2083.0,367523333.3333333
2084.0,67542000.0
2085.0,1015683333.3333334
2087.0,229000000.0
2088.0,100000000.0
2089.0,177500000.0
2090.0,137666666.66666666
2092.0,1406000000.0
2094.0,181516666.66666666
2097.0,99750000.0
2099.0,531800000.0
2100.0,354000000.0
2101.0,168095000.0
2103.0,141000000.0
2105.0,30590000.0
2106.0,176500000.0
2108.0,532653333.3333333
2115.0,23000000.0
2116.0,274000000.0
2120.0,1164000000.0
2121.0,282080000.0
2123.0,280855000.0
2124.0,396000000.0
2126.0,252376666.66666666
2127.0,309964285.71428573
2131.0,577000000.0
2132.0,122400000.0
2133.0,195000000.0
2138.0,386460000.0
2142.0,7879000000.0
2143.0,666440000.0
2146.0,3601666666.6666665
2148.0,73415000.0
2149.0,32280000.0
2150.0,83000000.0
2152.0,1123000000.0
2156.0,200280000.0
2157.0,1071000000.0
2158.0,158990000.0
2159.0,-940000.0
2165.0,156000000.0
2167.0,15510000.0
2169.0,174650000.0
2171.0,185000000.0
2174.0,615450000.0
2175.0,123940000.0
2176.0,245000000.0
2179.0,809420000.0
2180.0,143000000.0
2182.0,169000000.0
2183.0,806475000.0
2184.0,37800000.0
2185.0,409805000.0
2191.0,677350000.0
2195.0,573741428.5714285
2196.0,130181100.0
2197.0,109000000.0
2200.0,71248333.33333333
2202.0,3184964000.0
2203.0,592000000.0
2205.0,-1835000.0
2206.0,289316666.6666667
2212.0,383900000.0
2215.0,-288515000.0
2216.0,44363333.333333336
2217.0,805020000.0
2218.0,139835000.0
2223.0,499195000.0
2229.0,6000000.0
2230.0,532350000.0
2234.0,336000000.0
2235.0,30760000.0
2236.0,1846000000.0
2238.0,343430000.0
2239.0,414200000.0
2242.0,692500000.0
2244.0,1461696666.6666667
2245.0,247802000.0
2247.0,397010000.0
2251.0,180765000.0
2255.0,87056666.66666667
2256.0,154970000.0
2258.0,176898000.0
2259.0,22170000.0
2261.0,275410000.0
2262.0,316250000.0
2264.0,322000000.0
2266.0,84470000.0
2267.0,613000000.0
2269.0,40000000.0
2271.0,1073447500.0
2273.0,226530000.0
2274.0,72400000.0
2277.0,304040000.0
2279.0,220500000.0
2281.0,305255000.0
2283.0,177000000.0
2284.0,174410000.0
2286.0,60065000.0
2287.0,322000000.0
2288.0,11000000.0
2291.0,18920000.0
2292.0,632500000.0
2293.0,383163333.3333333
2296.0,100040000.0
2299.0,802250000.0
2301.0,99995000.0
2304.0,5758614000.0
2305.0,451075000.0
2308.0,189827500.0
2310.0,827220000.0
2311.0,990065000.0
2313.0,45000000.0
2314.0,583000000.0
2315.0,93480000.0
2316.0,39000000.0
2317.0,383435000.0
2318.0,132000000.0
2321.0,111000000.0
2322.0,192890000.0
2325.0,381000000.0
2326.0,167000000.0
2329.0,386020000.0
2334.0,111333333.33333333
2335.0,195000000.0
2337.0,5000000.0
2339.0,170000000.0
2341.0,63585714.28571428
2343.0,290768361.53846157
2344.0,567790000.0
2345.0,270360000.0
2347.0,14000000.0
2349.0,174200000.0
2350.0,65654000.0
2353.0,157686666.66666666
2354.0,677666666.6666666
2355.0,71000000.0
2357.0,145250000.0
2358.0,343000000.0
2361.0,168000000.0
2364.0,227056666.66666666
2365.0,60650000.0
2366.0,543797500.0
2368.0,379500000.0
2369.0,11930000.0
2371.0,94000000.0
2372.0,622000000.0
2373.0,356880000.0
2375.0,449000000.0
2376.0,201000000.0
2381.0,99000000.0
2383.0,122000000.0
2384.0,150655000.0
2385.0,1105000000.0
2389.0,188848000.0
2390.0,288190000.0
2391.0,198015000.0
2392.0,233000000.0
2394.0,365820000.0
2397.0,159390000.0
2402.0,112300000.0
2403.0,149000000.0
2404.0,74060000.0
2405.0,181461428.57142857
2408.0,358930000.0
2409.0,68500000.0
2410.0,434333333.3333333
2413.0,146950000.0
2414.0,92750000.0
2415.0,7536333333.333333
2419.0,568610000.0
2421.0,286960000.0
2422.0,695505000.0
2423.0,11000000.0
2425.0,211046000.0
2426.0,820000000.0
2429.0,372523333.3333333
2431.0,172000000.0
2434.0,360530000.0
2435.0,156765000.0
2436.0,189390000.0
2439.0,334333333.3333333
2444.0,584853333.3333334
2445.0,317700000.0
2446.0,123000000.0
2447.0,216200000.0
2448.0,212760000.0
2450.0,2025246000.0
2452.0,108706666.66666667
2456.0,857114615.3846154
2457.0,33360000.0
2458.0,784335000.0
2460.0,691800000.0
2463.0,202530000.0
2465.0,689660000.0
2466.0,1681000000.0
2468.0,1399900000.0
2470.0,1174400000.0
2472.0,185690000.0
2474.0,24000000.0
2475.0,1214500000.0
2477.0,1255550000.0
2478.0,123000000.0
2479.0,268766666.6666667
2480.0,0.0
2481.0,122880000.0
2482.0,370750000.0
2491.0,544350000.0
2494.0,19640000.0
2498.0,414090000.0
2500.0,763000000.0
2501.0,565022500.0
2502.0,335547500.0
2503.0,380140000.0
2504.0,354500000.0
2506.0,580955000.0
2508.0,1164000000.0
2510.0,171935000.0
2511.0,241000000.0
2516.0,318755000.0
2517.0,674520000.0
2518.0,310175000.0
2519.0,371500000.0
2520.0,94460000.0
2523.0,124500000.0
2527.0,191914900.00000003
2529.0,9995000.0
2530.0,125650000.0
2531.0,454520000.0
2533.0,195640000.0
2534.0,194130000.0
2536.0,100000000.0
2537.0,271113333.3333333
2541.0,180000000.0
2542.0,307000000.0
2543.0,365500000.0
2547.0,231000000.0
2548.0,182513500.0
2549.0,12000000.0
2554.0,238237777.7777778
2557.0,435000000.0
2558.0,1018000000.0
2559.0,79655000.0
2561.0,255000000.0
2562.0,142500000.0
2563.0,1608260000.0
2564.0,-34473333.333333336
2567.0,222450000.0
2568.0,-90000000.0
2570.0,-373988333.3333333
2572.0,668000000.0
2573.0,745824000.0
2577.0,24000000.0
2580.0,67290000.0
2582.0,45000000.0
2583.0,434173333.3333333
2586.0,97102500.0
2588.0,559900000.0
2590.0,133000000.0
2594.0,5073000000.0
2595.0,746000000.0
2597.0,449455000.0
2599.0,33998888.88888889
2600.0,307000000.0
2601.0,426000000.0
2603.0,579800000.0
2604.0,131330000.0
2610.0,307000000.0
2611.0,112000000.0
2612.0,153246000.0
2615.0,134200000.0
2623.0,63000000.0
2624.0,1053000000.0
2626.0,304000000.0
2627.0,54663333.333333336
2630.0,225236666.66666666
2631.0,210220000.0
2632.0,50000000.0
2635.0,336000000.0
2637.0,117640000.0
2638.0,158983750.0
2639.0,51933333.333333336
2640.0,426219000.0
2641.0,320000000.0
2642.0,281000000.0
2643.0,432230000.0
2644.0,63000000.0
2647.0,10000000.0
2648.0,184273333.33333334
2649.0,117560000.0
2650.0,164000000.0
2654.0,162980000.0
2655.0,122046666.66666667
2656.0,-82765000.0
2657.0,188700000.0
2658.0,193100000.0
2661.0,124685000.0
2662.0,682000000.0
2665.0,221947500.0
2668.0,344878333.3333333
2669.0,104000000.0
2670.0,522000000.0
2671.0,34355000.0
2672.0,450528000.0
2673.0,1458000000.0
2674.0,49080000.0
2675.0,170000000.0
2677.0,204636666.66666666
2683.0,56000000.0
2684.0,210700000.0
2686.0,118583333.33333333
2688.0,183217000.0
2690.0,320200000.0
2694.0,36000000.0
2697.0,177325000.0
2699.0,201680000.0
2701.0,1264860000.0
2705.0,412527500.0
2707.0,233000000.0
2709.0,421000000.0
2711.0,223040000.0
2712.0,162788571.42857143
2713.0,141015000.0
2714.0,2307000000.0
2717.0,248275000.0
2718.0,146000000.0
2719.0,77000000.0
2721.0,248435000.0
2727.0,391710000.0
2730.0,51850000.0
2733.0,146000000.0
2734.0,102207500.0
2737.0,225000000.0
2738.0,58000000.0
2739.0,1678473333.3333333
2740.0,65000000.0
2743.0,70000000.0
2747.0,69500000.0
2752.0,187500000.0
2756.0,256000000.0
2762.0,70230000.0
2763.0,173000000.0
2765.0,118000000.0
2766.0,98760000.0
2773.0,561345000.0
2775.0,137330000.0
2777.0,77700000.0
2780.0,36765000.0
2781.0,154730000.0
2787.0,135500000.0
2790.0,175000000.0
2792.0,261126666.66666666
2793.0,97170000.0
2805.0,27000000.0
2807.0,772000000.0
2809.0,81440000.0
2810.0,50000000.0
2813.0,49137500.0
2818.0,534135000.0
2820.0,97073333.33333333
2821.0,209405000.0
2822.0,175800000.0
2823.0,105966000.0
2825.0,78760000.0
2826.0,60830000.0
2827.0,89270000.0
2828.0,61460000.0
2829.0,84000000.0
2830.0,50000000.0
2831.0,813500000.0
300002.0,635000000.0
300003.0,716950000.0
300004.0,86000000.0
300005.0,227518000.0
300007.0,128000000.0
300008.0,233850000.0
300009.0,205250000.0
300010.0,337000000.0
300011.0,200568571.42857143
300012.0,229250000.0
300014.0,253611666.66666666
300015.0,574832941.1764706
300017.0,1301813333.3333333
300019.0,108615000.0
300021.0,90145000.0
300024.0,486000000.0
300025.0,96678000.0
300026.0,631500000.0
300030.0,45000000.0
300031.0,176993333.33333334
300032.0,207320000.0
300033.0,1152696000.0
300036.0,121700000.0
300037.0,274250000.0
300038.0,574333333.3333334
300039.0,306000000.0
300041.0,119635000.0
300043.0,437507500.0
300048.0,192297500.0
300049.0,138200000.0
300050.0,153873333.33333334
300054.0,206000000.0
300056.0,174100000.0
300057.0,68100000.0
300058.0,730397500.0
300059.0,1004000000.0
300061.0,228680000.0
300062.0,64365000.0
300063.0,223000000.0
300064.0,165000000.0
300065.0,98000000.0
300068.0,367057500.0
300070.0,2075126666.6666667
300071.0,200000000.0
300072.0,1583070000.0
300075.0,173070000.0
300077.0,79790000.0
300078.0,218460000.0
300080.0,38640000.0
300081.0,41000000.0
300082.0,150333333.33333334
300083.0,88150000.0
300084.0,18620000.0
300085.0,126500000.0
300087.0,24160000.0
300090.0,428000000.0
300091.0,91660000.0
300094.0,100000000.0
300095.0,54000000.0
300096.0,43250000.0
300097.0,122000000.0
300098.0,297300000.0
300099.0,36812500.0
300104.0,779500000.0
300106.0,-55695000.0
300109.0,111000000.0
300115.0,649142000.0
300116.0,423500000.0
300117.0,88870000.0
300118.0,654660000.0
300119.0,166300000.0
300121.0,168000000.0
300124.0,948300000.0
300128.0,117000000.0
300129.0,217305000.0
300130.0,126800000.0
300134.0,211000000.0
300136.0,531495454.54545456
300138.0,97520000.0
300140.0,12000000.0
300143.0,53765000.0
300144.0,919343888.8888888
300145.0,498157142.85714287
300146.0,608930000.0
300147.0,100670000.0
300148.0,309770000.0
300153.0,43750000.0
300156.0,723824000.0
300157.0,38000000.0
300158.0,205900000.0
300159.0,364303333.3333333
300160.0,119822500.0
300161.0,22075000.0
300164.0,23368000.0
300165.0,77000000.0
300166.0,336000000.0
300167.0,-19000000.0
300171.0,419000000.0
300173.0,107000000.0
300176.0,72000000.0
300178.0,174380000.0
300181.0,96000000.0
300182.0,1023666666.6666666
300183.0,331025000.0
300187.0,165000000.0
300188.0,218000000.0
300189.0,3135000.0
300190.0,125770000.0
300192.0,39900000.0
300194.0,230765000.0
300196.0,278476666.6666667
300197.0,571223000.0
300199.0,423000000.0
300200.0,70235000.0
300201.0,99130000.0
300203.0,414360000.0
300206.0,31000000.0
300207.0,465110000.0
300210.0,110000000.0
300211.0,13000000.0
300212.0,207060000.0
300214.0,89560000.0
300219.0,165000000.0
300220.0,12410000.0
300221.0,314585000.0
300222.0,258020000.0
300223.0,36310000.0
300226.0,27000000.0
300228.0,72390000.0
300230.0,158575000.0
300231.0,127360000.0
300232.0,209882857.14285713
300233.0,183336666.66666666
300236.0,62811428.571428575
300237.0,406920000.0
300241.0,61400000.0
300243.0,32700000.0
300244.0,281255000.0
300246.0,69690000.0
300247.0,66000000.0
300248.0,70000000.0
300250.0,119000000.0
300251.0,709710000.0
300252.0,251000000.0
300253.0,523000000.0
300255.0,188367500.0
300256.0,189000000.0
300257.0,141435000.0
300258.0,187860000.0
300259.0,102935000.0
300262.0,168000000.0
300267.0,877766666.6666666
300269.0,507000000.0
300271.0,286300000.0
300272.0,85000000.0
300273.0,301452000.0
300275.0,-32620000.0
300281.0,45813333.333333336
300282.0,123500000.0
300284.0,379500000.0
300285.0,139672500.0
300286.0,85863200.0
300287.0,620000000.0
300291.0,389743333.3333333
300293.0,3000000.0
300294.0,261540000.0
300296.0,627785000.0
300297.0,411000000.0
300299.0,145500000.0
300300.0,63000000.0
300301.0,107233750.0
300302.0,148000000.0
300303.0,146720000.0
300304.0,91000000.0
300308.0,194920000.0
300309.0,15145000.0
300310.0,198000000.0
300312.0,25333333.333333332
300316.0,174827500.0
300317.0,381450000.0
300318.0,32616666.666666668
300319.0,178000000.0
300320.0,85000000.0
300322.0,103150000.0
300324.0,538750000.0
300325.0,89750000.0
300326.0,158916666.66666666
300327.0,83264000.0
300329.0,34000000.0
300334.0,88239090.9090909
300335.0,133750000.0
300336.0,297000000.0
300337.0,21000000.0
300338.0,29168750.0
300339.0,310000000.0
300342.0,160000000.0
300345.0,21650000.0
300347.0,158072857.14285713
300348.0,67000000.0
300349.0,82230000.0
300351.0,238233333.33333334
300352.0,83000000.0
300353.0,138000000.0
300355.0,305000000.0
300356.0,58000000.0
300358.0,169630000.0
300362.0,126607500.0
300363.0,178500000.0
300364.0,70798300.0
300365.0,128725000.0
300366.0,190550000.0
300367.0,390333333.3333333
300369.0,250890000.0
300370.0,114937500.0
300371.0,75000000.0
300373.0,206300000.0
300375.0,140000000.0
300376.0,420755000.0
300377.0,126883333.33333333
300379.0,138490000.0
300381.0,155350000.0
300382.0,98500000.0
300383.0,319610000.0
300385.0,65745000.0
300387.0,97620000.0
300388.0,123333333.33333333
300389.0,210000000.0
300393.0,168515000.0
300394.0,133945000.0
300395.0,110180000.0
300398.0,99678333.33333333
300401.0,45000000.0
300403.0,203376666.66666666
300406.0,295265000.0
300407.0,111044000.0
300408.0,1036756666.6666666
300409.0,112633333.33333333
300410.0,130086666.66666667
300411.0,132000000.0
300412.0,58620000.0
300413.0,67000000.0
300414.0,76360000.0
300415.0,101930000.0
300416.0,62590000.0
300420.0,98050000.0
300421.0,57960000.0
300422.0,71050000.0
300425.0,85915714.28571428
300426.0,223666666.66666666
300427.0,85250000.0
300429.0,120600000.0
300430.0,65000000.0
300431.0,138845000.0
300433.0,1410333333.3333333
300436.0,85940000.0
300437.0,58000000.0
300438.0,142000000.0
300439.0,201842000.0
300440.0,162200000.0
300443.0,161000000.0
300444.0,119275000.0
300446.0,115000000.0
300447.0,116900000.0
300450.0,230000000.0
300451.0,65000000.0
300452.0,53660000.0
300455.0,66770000.0
300456.0,64000000.0
300457.0,124500000.0
300458.0,161200000.0
300461.0,23757500.0
300462.0,64000000.0
300463.0,310000000.0
300470.0,94125000.0
300471.0,172000000.0
300476.0,201000000.0
300477.0,108000000.0
300479.0,40000000.0
300484.0,152760000.0
300494.0,109300000.0
300495.0,166460000.0
300496.0,143725000.0
300498.0,13963500000.0
300499.0,63720000.0
300502.0,101600000.0
300503.0,68000000.0
300507.0,92970000.0
300511.0,141965000.0
300512.0,169280000.0
300516.0,125700000.0
300522.0,64510000.0
300525.0,43200000.0
300526.0,55570000.0
300527.0,192910000.0
300528.0,137817500.0
300530.0,40330000.0
300531.0,71000000.0
300541.0,68500000.0
300542.0,40000000.0
300545.0,59000000.0
300546.0,67685000.0
300548.0,69247500.0
300551.0,71000000.0
300552.0,70580000.0
300557.0,44000000.0
300558.0,364555000.0
300559.0,67150000.0
300560.0,44000000.0
300561.0,85690000.0
300562.0,73100000.0
300563.0,39065000.0
300566.0,64350000.0
300567.0,107550000.0
300568.0,166470000.0
300569.0,200990000.0
300570.0,104940820.0
300571.0,44000000.0
300572.0,49430000.0
300581.0,64000000.0
300583.0,108770000.0
600000.0,56395000000.0
600004.0,1407000000.0
600006.0,313000000.0
600009.0,2789500000.0
600015.0,19958400000.0
600016.0,47600750000.0
600017.0,333000000.0
600019.0,8013500000.0
600021.0,1413000000.0
600028.0,38177000000.0
600029.0,5491666666.666667
600030.0,10140000000.0
600031.0,247250000.0
600035.0,430120000.0
600036.0,61128000000.0
600038.0,532425000.0
600039.0,1198215000.0
600048.0,14284425000.0
600050.0,1552033333.3333333
600054.0,347388888.8888889
600055.0,79000000.0
600056.0,876000000.0
600057.0,450046666.6666667
600059.0,160090000.0
600060.0,1766333333.3333333
600062.0,751000000.0
600063.0,154593333.33333334
600066.0,4081452000.0
600068.0,3437666666.6666665
600072.0,22840000.0
600073.0,367775000.0
600074.0,855000000.0
600075.0,630565000.0
600076.0,357100000.0
600079.0,912500000.0
600081.0,100000000.0
600085.0,1003000000.0
600093.0,603410000.0
600096.0,-1594000000.0
600098.0,1321710000.0
600104.0,31925049090.909092
600105.0,237920000.0
600109.0,1997000000.0
600115.0,6283500000.0
600120.0,689000000.0
600122.0,492000000.0
600123.0,-492000000.0
600125.0,282000000.0
600132.0,278665000.0
600136.0,192333333.33333334
600138.0,466215000.0
600141.0,130000000.0
600143.0,897445000.0
600150.0,-569400000.0
600151.0,246110000.0
600155.0,524850000.0
600157.0,779470000.0
600158.0,54666666.666666664
600160.0,128000000.0
600161.0,200980000.0
600166.0,421916666.6666667
600170.0,2121750000.0
600176.0,1571153333.3333333
600177.0,4201000000.0
600183.0,780010000.0
600185.0,672000000.0
600188.0,1883500000.0
600191.0,1635300000.0
600195.0,275000000.0
600196.0,2849666666.6666665
600197.0,323240000.0
600199.0,28000000.0
600201.0,630704000.0
600208.0,1753333333.3333333
600211.0,179856666.66666666
600216.0,603000000.0
600219.0,1492825000.0
600221.0,3543000000.0
600227.0,149580000.0
600233.0,1442686666.6666667
600236.0,3095970000.0
600242.0,46666666.666666664
600246.0,434000000.0
600258.0,295000000.0
600268.0,65000000.0
600269.0,1157000000.0
600270.0,910000000.0
600271.0,1705000000.0
600273.0,782000000.0
600276.0,2676690000.0
600277.0,396415000.0
600279.0,96100000.0
600282.0,324000000.0
600285.0,173000000.0
600289.0,132000000.0
600295.0,417000000.0
600297.0,2974000000.0
600298.0,510255000.0
600299.0,2032000000.0
600309.0,3426000000.0
600310.0,241500000.0
600312.0,1219660000.0
600315.0,357775000.0
600318.0,201000000.0
600320.0,216100000.0
600322.0,-359000000.0
600323.0,561770000.0
600325.0,566090000.0
600329.0,478000000.0
600330.0,211280000.0
600332.0,1459000000.0
600337.0,337400000.0
600338.0,570000000.0
600340.0,6809515000.0
600343.0,59000000.0
600346.0,969000000.0
600351.0,63870000.0
600362.0,1357955000.0
600363.0,204000000.0
600366.0,880000000.0
600369.0,1365000000.0
600372.0,527700000.0
600373.0,1393493333.3333333
600376.0,2081000000.0
600382.0,161000000.0
600383.0,5238000000.0
600386.0,128525000.0
600387.0,37460000.0
600390.0,224000000.0
600392.0,93000000.0
600393.0,122080000.0
600395.0,224180000.0
600398.0,3256000000.0
600405.0,78080000.0
600406.0,1553000000.0
600410.0,92000000.0
600415.0,1374380000.0
600416.0,166000000.0
600418.0,1080212500.0
600426.0,895542500.0
600428.0,35000000.0
600436.0,618000000.0
600438.0,1093680000.0
600439.0,162500000.0
600446.0,372200000.0
600452.0,135000000.0
600460.0,45490000.0
600461.0,292000000.0
600466.0,1179710000.0
600467.0,87160000.0
600475.0,588660000.0
600476.0,1803100.0
600477.0,467600000.0
600478.0,-124400000.0
600479.0,107800000.0
600480.0,187100000.0
600482.0,1365250000.0
600483.0,1064750000.0
600486.0,444250000.0
600487.0,1406860000.0
600490.0,98100000.0
600491.0,329702500.0
600497.0,-541500000.0
600498.0,919605000.0
600499.0,434261666.6666667
600500.0,332333333.3333333
600501.0,20160000.0
600502.0,350092000.0
600507.0,659830000.0
600517.0,502094000.0
600519.0,16868278333.333334
600521.0,546425000.0
600522.0,1482400000.0
600527.0,38000000.0
600529.0,209000000.0
600535.0,1456277142.857143
600536.0,123000000.0
600547.0,1114000000.0
600548.0,1249423333.3333333
600550.0,92300000.0
600557.0,374000000.0
600562.0,258218000.0
600563.0,345525000.0
600565.0,826690000.0
600566.0,891766666.6666666
600567.0,317181666.6666667
600568.0,285280000.0
600570.0,432425000.0
600572.0,607000000.0
600575.0,549000000.0
600576.0,172000000.0
600580.0,385000000.0
600582.0,1150800000.0
600584.0,164413333.33333334
600585.0,10555780000.0
600587.0,224680000.0
600588.0,417850000.0
600590.0,180000000.0
600593.0,49056000.0
600594.0,469376666.6666667
600595.0,267000000.0
600596.0,29000000.0
600597.0,537500000.0
600600.0,1670000000.0
600614.0,304135000.0
600621.0,170605000.0
600622.0,363473333.3333333
600626.0,228660000.0
600629.0,225800000.0
600633.0,627656666.6666666
600634.0,133000000.0
600635.0,594700000.0
600639.0,597770000.0
600641.0,391000000.0
600643.0,671500000.0
600644.0,263240000.0
600657.0,894000000.0
600658.0,609000000.0
600660.0,2949000000.0
600661.0,96520000.0
600663.0,2680000000.0
600664.0,715500000.0
600667.0,262000000.0
600674.0,3639000000.0
600675.0,412500000.0
600681.0,550664000.0
600682.0,419000000.0
600685.0,119065000.0
600686.0,49000000.0
600687.0,655700000.0
600688.0,4653000000.0
600690.0,4888850000.0
600691.0,-690356666.6666666
600693.0,121326666.66666667
600697.0,343830000.0
600699.0,724612222.2222222
600702.0,96666666.66666667
600703.0,2168800000.0
600705.0,2881250000.0
600707.0,-148400000.0
600715.0,548000000.0
600717.0,1293000000.0
600718.0,420780000.0
600724.0,480510000.0
600728.0,280466666.6666667
600731.0,17000000.0
600735.0,50000000.0
600737.0,436192500.0
600739.0,1003400000.0
600740.0,75935000.0
600742.0,518000000.0
600743.0,956000000.0
600748.0,626000000.0
600749.0,-13720000.0
600750.0,412000000.0
600751.0,648160000.0
600754.0,702000000.0
600755.0,1332000000.0
600759.0,75845000.0
600760.0,327526666.6666667
600761.0,434666666.6666667
600763.0,168320000.0
600764.0,24200000.0
600773.0,74470000.0
600779.0,186134000.0
600783.0,450950000.0
600787.0,682500000.0
600790.0,374000000.0
600791.0,88500000.0
600794.0,87950000.0
600795.0,4521000000.0
600797.0,305000000.0
600803.0,687000000.0
600804.0,852000000.0
600808.0,969000000.0
600809.0,645820000.0
600816.0,2833351666.6666665
600820.0,1691500000.0
600823.0,2270000000.0
600827.0,913730000.0
600834.0,75000000.0
600837.0,9273000000.0
600856.0,457840000.0
600859.0,582655000.0
600861.0,115855000.0
600867.0,619423333.3333334
600869.0,564893333.3333334
600871.0,-7898000000.0
600872.0,341101250.0
600873.0,1024600000.0
600875.0,-1495000000.0
600884.0,623000000.0
600885.0,594782500.0
600887.0,5562475714.285714
600889.0,95030000.0
600893.0,1035500000.0
600894.0,1064390000.0
600897.0,410000000.0
600898.0,61340000.0
600900.0,22181500000.0
600908.0,885000000.0
600909.0,792536000.0
600919.0,10713333333.333334
600926.0,3950000000.0
600958.0,2636000000.0
600963.0,66240000.0
600965.0,214270000.0
600966.0,140450000.0
600967.0,400000000.0
600970.0,850400000.0
600973.0,213210000.0
600978.0,767000000.0
600983.0,360302500.0
600990.0,134333333.33333334
600997.0,438000000.0
600998.0,842400000.0
601002.0,102160000.0
601006.0,7691257142.857142
601007.0,56000000.0
601009.0,8495500000.0
601012.0,1297668333.3333333
601021.0,1387156000.0
601028.0,-202850000.0
601058.0,386500000.0
601088.0,24623605000.0
601100.0,72183333.33333333
601111.0,7652500000.0
601113.0,69000000.0
601116.0,75226000.0
601127.0,504766666.6666667
601128.0,1025000000.0
601139.0,893900000.0
601166.0,52921142857.14286
601169.0,17983000000.0
601179.0,1052000000.0
601186.0,14077950000.0
601198.0,1623500000.0
601208.0,43000000.0
601218.0,117430000.0
601222.0,606600000.0
601225.0,2508000000.0
601229.0,14407800000.0
601231.0,888300000.0
601233.0,884429000.0
601238.0,7809715000.0
601258.0,471000000.0
601288.0,174878333333.33334
601311.0,603430000.0
601318.0,61399300000.0
601328.0,66833000000.0
601333.0,1332000000.0
601336.0,5804120000.0
601369.0,274000000.0
601375.0,717000000.0
601377.0,2520510000.0
601390.0,13157500000.0
601398.0,274888750000.0
601555.0,1888666666.6666667
601579.0,187000000.0
601595.0,237893333.33333334
601599.0,211210000.0
601600.0,572392500.0
601601.0,10488000000.0
601607.0,3264550000.0
601616.0,-57650000.0
601618.0,5819206666.666667
601628.0,16583500000.0
601633.0,9805406666.666666
601636.0,623822500.0
601668.0,32265912500.0
601669.0,5972000000.0
601677.0,279925000.0
601688.0,6879600000.0
601689.0,552685000.0
601699.0,1498570000.0
601717.0,240461428.57142857
601718.0,1251680000.0
601766.0,11632766666.666666
601777.0,238640000.0
601788.0,3601326666.6666665
601789.0,212550000.0
601799.0,358000000.0
601800.0,17410666666.666668
601811.0,704320000.0
601818.0,30164500000.0
601857.0,9983500000.0
601882.0,78000000.0
601886.0,399745000.0
601888.0,1709175000.0
601899.0,1770000000.0
601901.0,3091500000.0
601908.0,421552500.0
601928.0,1292160000.0
601929.0,482000000.0
601933.0,1107480000.0
601966.0,963000000.0
601969.0,27250000.0
601985.0,4897140000.0
601989.0,902650000.0
601991.0,-1000000.0
601996.0,103050000.0
601997.0,3637250000.0
601998.0,43059500000.0
603001.0,390363333.3333333
603008.0,254000000.0
603011.0,80000000.0
603012.0,112500000.0
603017.0,134000000.0
603018.0,231500000.0
603019.0,255910000.0
603020.0,197166666.66666666
603027.0,93020000.0
603032.0,50300000.0
603033.0,80280000.0
603036.0,71975000.0
603058.0,90300000.0
603066.0,87476666.66666667
603067.0,95840000.0
603077.0,396000000.0
603085.0,43582000.0
603098.0,203700000.0
603099.0,62000000.0
603101.0,105850000.0
603108.0,136517500.0
603111.0,246150000.0
603118.0,358000000.0
603123.0,109665000.0
603128.0,292000000.0
603160.0,820930000.0
603189.0,92535000.0
603203.0,98740000.0
603218.0,445000000.0
603239.0,128000000.0
603288.0,2856763333.3333335
603298.0,397000000.0
603300.0,70000000.0
603308.0,64000000.0
603311.0,101000000.0
603313.0,195350000.0
603315.0,54600000.0
603319.0,45000000.0
603322.0,55000000.0
603323.0,615250000.0
603328.0,567493333.3333334
603333.0,-52000000.0
603336.0,74756666.66666667
603338.0,172555000.0
603355.0,554000000.0
603366.0,400000000.0
603369.0,769000000.0
603377.0,324466666.6666667
603389.0,71616666.66666667
603398.0,70000000.0
603416.0,98140400.0
603515.0,539000000.0
603518.0,102516000.0
603555.0,321408333.3333333
603568.0,386090000.0
603579.0,250000000.0
603588.0,169542500.0
603589.0,856185000.0
603609.0,439828000.0
603611.0,167926000.0
603613.0,30957900.0
603616.0,34010000.0
603633.0,53953366.666666664
603658.0,364380000.0
603686.0,203886666.66666666
603688.0,78470000.0
603699.0,311250000.0
603708.0,263845000.0
603716.0,76170000.0
603727.0,278315000.0
603729.0,50910000.0
603766.0,854380000.0
603777.0,146000000.0
603779.0,62970000.0
603788.0,144850000.0
603789.0,80000000.0
603799.0,50666666.666666664
603800.0,-37000000.0
603806.0,820650000.0
603808.0,175520000.0
603816.0,629380000.0
603818.0,197000000.0
603819.0,54720000.0
603823.0,150110000.0
603858.0,1742000000.0
603866.0,449000000.0
603868.0,633403333.3333334
603869.0,150676666.66666666
603877.0,464666666.6666667
603878.0,115000000.0
603883.0,273000000.0
603885.0,1337500000.0
603886.0,129333333.33333333
603898.0,237674000.0
603899.0,512000000.0
603900.0,211290000.0
603901.0,99000000.0
603918.0,37000000.0
603919.0,217000000.0
603939.0,225270000.0
603997.0,244470000.0
688003.0,49925000.0
688122.0,160940000.0
688388.0,46300000.0
