交易代码,公司名称,董监高姓名,职务,变动数,变动后持股数,变动原因,变动日期,填报日期,股份变动人姓名,变动人与董监高的关系
7,零七股份,叶健勇,董事,104300.0,104300.0,竞价交易,2012-11-30,2012-12-04,叶健勇,本人
7,零七股份,刘滔,董事、高管,13997.0,13997.0,竞价交易,2012-12-05,2012-12-07,刘滔,本人
8,ST宝利来,陈汉伦,监事,1100.0,1100.0,竞价交易,2012-10-18,2012-10-22,黎丽云,配偶
9,中国宝安,娄兵,高管,700.0,700.0,竞价交易,2012-06-26,2012-06-28,娄卫,兄弟姐妹
24,招商地产,王立,高管,5500.0,44087.0,竞价交易,2012-06-08,2012-06-12,王立,本人
24,招商地产,孟才,高管,7200.0,53582.0,竞价交易,2012-08-28,2012-08-30,孟才,本人
24,招商地产,朱文凯,高管,7000.0,17000.0,竞价交易,2012-09-11,2012-09-13,朱文凯,本人
24,招商局B,张林,高管,10900.0,,竞价交易,2012-06-14,2012-06-18,张林,本人
24,招商局B,黄培坤,董事、高管,2100.0,153400.0,竞价交易,2012-08-22,2012-08-24,黄培坤,本人
40,宝安地产,颜金辉,董事,10000.0,105900.0,竞价交易,2012-06-27,2012-07-02,颜彩香,兄弟姐妹
40,宝安地产,陈汉忠,高管,100.0,400.0,竞价交易,2012-08-14,2012-08-16,郎海,配偶
46,泛海建设,刘纪鹏,董事,400000.0,400000.0,竞价交易,2012-02-29,2012-03-02,刘妍,配偶
48,康达尔,罗爱华,高管、董事,205499.0,205499.0,竞价交易,2012-12-05,2012-12-07,陆伟民,配偶
56,深国商B,郑康豪,董事,117602.0,453909.0,竞价交易,2012-03-05,2012-03-07,郑康豪,本人
61,农产品,曾湃,董事、高管,1000.0,1000.0,竞价交易,2012-12-31,2013-01-05,曾淑芳,兄弟姐妹
62,深圳华强,赵骏,董事、高管,2000.0,2000.0,竞价交易,2012-01-09,2012-01-11,赵丽,兄弟姐妹
63,中兴通讯,曹巍,证券事务代表,200.0,200.0,竞价交易,2012-04-24,2012-04-26,曹凯军,父母
63,中兴通讯,王家然,高管,50000.0,101107.0,竞价交易,2012-07-03,2012-07-05,王家然,本人
70,特发信息,蒋勤俭,董事、高管,18400.0,18400.0,竞价交易,2012-12-18,2012-12-20,蒋勤俭,本人
100,TCL集团,李东生,董事、高管,5531100.0,465364700.0,竞价交易,2012-05-04,2012-05-08,李东生,本人
100,TCL集团,李东生,董事、高管,1911700.0,473924100.0,竞价交易,2012-06-20,2012-06-25,李东生,本人
100,TCL集团,李东生,董事、高管,2040000.0,477944300.0,竞价交易,2012-11-01,2012-11-05,李东生,本人
100,TCL集团,李东生,董事、高管,3252600.0,494838400.0,竞价交易,2012-12-20,2012-12-24,李东生,本人
338,潍柴动力,张振华,独立董事,600.0,24600.0,竞价交易,2012-11-09,2012-11-13,邬苗娣,配偶
338,潍柴动力,张振华,独立董事,700.0,25300.0,竞价交易,2012-12-12,2012-12-14,邬苗娣,配偶
401,冀东水泥,张学刚,董事,10000.0,503094297.0,竞价交易,2012-07-24,2012-08-13,冀东发展集团有限责任公司,受控法人
402,金融街,赵伟,董事,34800.0,103852.0,竞价交易,2012-07-09,2012-07-11,赵伟,本人
415,渤海租赁,黄敏,监事,6000.0,6000.0,竞价交易,2012-01-05,2012-01-09,黄平,兄弟姐妹
417,合肥百货,张俊峰,高管,2000.0,2000.0,竞价交易,2012-11-15,2012-11-19,费月,子女
419,通程控股,李晞,高管,18300.0,18300.0,竞价交易,2012-04-24,2012-04-26,李昕,兄弟姐妹
426,兴业矿业,李学天,高管,1600.0,9600.0,竞价交易,2012-01-16,2012-01-18,李学涵,兄弟姐妹
426,兴业矿业,李学天,高管,1000.0,10600.0,竞价交易,2012-04-23,2012-04-25,李学涵,兄弟姐妹
488,晨鸣B,王春方,高管,30000.0,,竞价交易,2012-11-29,2012-12-03,王春方,本人
501,鄂武商A,王斌,高管,400.0,400.0,竞价交易,2012-07-20,2012-08-13,王伟,兄弟姐妹
509,SST华塑,柴磊,董事,51300.0,51300.0,竞价交易,2012-02-13,2012-02-15,柴磊,本人
511,银基发展,刘成文,董事,1178000.0,254959267.0,竞价交易,2012-02-03,2012-02-07,沈阳银基集团有限责任公司,受控法人
516,开元投资,曹鹤玲,董事,3984858.0,3984858.0,竞价交易,2012-08-06,2012-08-08,曹鹤玲,本人
521,美菱电器,刘体斌,董事,1274000.0,137356942.0,竞价交易,2012-01-13,2012-01-17,四川长虹电器股份有限公司,受控法人
523,广州浪奇,陈韬,高管,25000.0,45000.0,竞价交易,2012-09-04,2012-09-06,陈韬,本人
534,万泽股份,于涛,董事,1500.0,1500.0,竞价交易,2012-05-25,2012-05-29,林婷婷,配偶
539,粤电力A,高仕强,董事,6000.0,6000.0,竞价交易,2012-12-06,2012-12-10,曾惠霞,配偶
540,中天城投,石维国,董事,85600.0,85600.0,竞价交易,2012-11-29,2012-12-03,石维国,本人
540,中天城投,罗玉平,董事,3781738.0,531076275.0,竞价交易,2012-12-03,2012-12-05,金世旗国际控股股份有限公司,受控法人
544,中原环保,丁青海,高管,7800.0,7800.0,竞价交易,2012-01-05,2012-01-09,丁青林,兄弟姐妹
552,靖远煤电,曹斌,董事,600.0,600.0,竞价交易,2012-05-16,2012-05-21,耿小丽,配偶
558,莱茵置业,许忠平,高管,75000.0,75000.0,竞价交易,2012-02-03,2012-02-07,许忠平,本人
558,莱茵置业,郦琦,董事,22600.0,22600.0,竞价交易,2012-04-05,2012-04-09,朱洪,配偶
565,渝三峡A,熊培成,高管,6016.0,6016.0,竞价交易,2012-04-13,2012-04-17,熊培成,本人
566,海南海药,许力宏,董事、高管,5000.0,376489.0,竞价交易,2012-07-03,2012-07-05,许力宏,本人
601,韶能股份,邱啟华,高管,5800.0,17330.0,竞价交易,2012-08-27,2012-08-29,邱啟华,本人
601,韶能股份,肖南贵,董事、高管,17800.0,166688.0,竞价交易,2012-10-31,2012-11-02,肖南贵,本人
601,韶能股份,廖树养,监事,5600.0,27300.0,竞价交易,2012-11-06,2012-11-08,廖树养,本人
609,绵世股份,郑宽,董事、高管,239151.0,74239151.0,竞价交易,2012-03-16,2012-03-20,北京中北能能源科技有限责任公司,受控法人
612,焦作万方,李刚,监事,300.0,300.0,竞价交易,2012-03-14,2012-03-16,李丽,兄弟姐妹
612,焦作万方,李刚,监事,100.0,500.0,竞价交易,2012-05-22,2012-05-24,李丽,兄弟姐妹
613,ST东海B,陈日进,董事,10000.0,,竞价交易,2012-07-26,2012-08-13,郑冬英,配偶
625,长安汽车,崔云江,董事、高管,10000.0,10000.0,竞价交易,2012-02-24,2012-02-28,崔云红,兄弟姐妹
625,长安汽车,袁明学,监事,1300.0,4300.0,竞价交易,2012-07-18,2012-08-13,钱红梅,配偶
639,西王食品,文宗瑜,独立董事,5000.0,5000.0,竞价交易,2012-11-09,2012-11-13,文沛楠,子女
650,仁和药业,梅强,董事、高管,233000.0,233000.0,竞价交易,2012-02-27,2012-02-29,梅强,本人
662,*ST索芙,张正勤,董事、高管,40000.0,40000.0,竞价交易,2012-06-21,2012-06-26,童明侠,配偶
662,*ST索芙,梁国坚,董事,503280.0,44749938.0,竞价交易,2012-08-06,2012-08-13,广西索芙特科技股份有限公司,受控法人
662,*ST索芙,梁国坚,董事,614700.0,45544638.0,竞价交易,2012-09-24,2012-09-26,广西索芙特科技股份有限公司,受控法人
666,经纬纺机,蔺建旺,高管,40000.0,40000.0,竞价交易,2012-11-02,2012-11-06,蔺建旺,本人
671,阳光城,何媚,董事、高管,100000.0,595686.0,竞价交易,2012-01-05,2012-01-09,何媚,本人
671,阳光城,吴洁,监事,825000.0,131805758.0,竞价交易,2012-09-10,2012-09-12,福建阳光集团有限公司,受控法人
671,阳光城,陈凯,高管,169913.0,960413.0,竞价交易,2012-10-31,2012-11-02,陈凯,本人
671,阳光城,陈凯,高管,8358.0,968771.0,竞价交易,2012-11-01,2012-11-05,陈凯,本人
671,阳光城,陈凯,高管,240000.0,1448771.0,竞价交易,2012-12-19,2012-12-21,陈凯,本人
705,浙江震元,董金标,监事,3000.0,3000.0,竞价交易,2012-09-19,2012-09-21,董金标,本人
718,苏宁环球,张建国,监事,7300.0,7300.0,竞价交易,2012-09-14,2012-09-18,张建国,本人
722,湖南发展,谢朝斌,独立董事,500.0,500.0,竞价交易,2012-08-28,2012-08-30,彭程,配偶
725,京东方A,韩国建,董事、高管,110900.0,122862.0,竞价交易,2012-01-30,2012-02-01,韩国建,本人
726,鲁泰B,潘平利,高管,3600.0,49100.0,竞价交易,2012-06-13,2012-06-15,潘平利,本人
729,燕京啤酒,李树藩,独立董事,1000.0,1000.0,竞价交易,2012-11-05,2012-11-07,李小弟,配偶
731,四川美丰,张晓彬,董事,3000.0,3000.0,竞价交易,2012-05-02,2012-05-04,宣泽然,父母
731,四川美丰,邓大林,董事,5500.0,5500.0,竞价交易,2012-10-31,2012-11-02,李琦,配偶
735,罗牛山,李万有,高管,6700.0,6700.0,竞价交易,2012-10-10,2012-10-12,郑自慧,配偶
750,国海证券,刘剑锋,董事,100.0,100.0,竞价交易,2012-02-23,2012-02-27,刘荣,兄弟姐妹
750,国海证券,管跃庆,董事,1000.0,1000.0,竞价交易,2012-03-01,2012-03-05,管美珍,兄弟姐妹
761,本钢板材,张晓芳,董事,16300.0,16300.0,竞价交易,2012-10-12,2012-10-16,缪秀颖,子女
809,铁岭新城,韩广林,董事,984625.0,189987557.0,竞价交易,2012-07-20,2012-08-13,铁岭财政资产经营有限公司,受控法人
809,铁岭新城,韩广林,董事,356760.0,190939016.0,竞价交易,2012-10-22,2012-10-24,铁岭财政资产经营有限公司,受控法人
812,陕西金叶,张赤雷,高管,100000.0,100000.0,竞价交易,2012-01-17,2012-01-19,张赤雷,本人
818,方大化工,李晓义,监事,1500.0,1500.0,竞价交易,2012-08-27,2012-08-29,李子义,兄弟姐妹
821,京山轻机,尹光志,独立董事,100.0,100.0,竞价交易,2012-12-06,2012-12-10,尹峰,子女
825,太钢不锈,王百东,高管,27500.0,27500.0,竞价交易,2012-05-30,2012-06-01,余小倩,配偶
828,东莞控股,郭旭东,监事,2200.0,2200.0,竞价交易,2012-04-18,2012-04-20,郭丽勤,兄弟姐妹
830,鲁西化工,张金成,董事,12000.0,276452.0,竞价交易,2012-06-11,2012-06-13,张金成,本人
830,鲁西化工,张金成,董事,230800.0,507252.0,竞价交易,2012-07-27,2012-07-31,张金成,本人
830,鲁西化工,张雷,高管,6000.0,6500.0,竞价交易,2012-08-28,2012-08-30,孙平,配偶
830,鲁西化工,姜吉涛,董事、高管,1300.0,29500.0,竞价交易,2012-11-05,2012-11-07,姜艳兵,兄弟姐妹
850,华茂股份,王功著,董事、高管,45000.0,95575.0,竞价交易,2012-11-20,2012-11-22,王功著,本人
850,华茂股份,王功著,董事、高管,52000.0,147575.0,竞价交易,2012-12-04,2012-12-06,王功著,本人
851,高鸿股份,王芊,高管,8600.0,18709.0,竞价交易,2012-02-03,2012-02-07,王芊,本人
851,高鸿股份,孟汉峰,高管,100.0,100.0,竞价交易,2012-03-27,2012-03-29,孟汉峥,兄弟姐妹
851,高鸿股份,付景林,董事、高管,30000.0,70500.0,竞价交易,2012-06-25,2012-06-27,付景林,本人
851,高鸿股份,刘雪峰,高管,10000.0,10000.0,竞价交易,2012-08-13,2012-08-15,刘雪峰,本人
858,五粮液,唐圣云,高管,1000.0,4100.0,竞价交易,2012-11-16,2012-11-20,唐圣云,本人
858,五粮液,刘中国,董事,21800.0,51800.0,竞价交易,2012-12-14,2012-12-18,刘中国,本人
863,三湘股份,郑洋,董事,1000.0,1000.0,竞价交易,2012-09-06,2012-09-10,李佳,配偶
868,安凯客车,盛夏,证券事务代表,1000.0,1000.0,竞价交易,2012-05-02,2012-05-04,宋同侠,父母
868,安凯客车,董刚,高管,100.0,100.0,竞价交易,2012-11-22,2012-11-26,杨琼,配偶
876,新希望,崔照江,高管,300.0,800.0,竞价交易,2012-01-31,2012-02-02,崔兆成,兄弟姐妹
877,天山股份,赵新军,董事、高管,500.0,500.0,竞价交易,2012-03-02,2012-03-06,赵新礼,兄弟姐妹
877,天山股份,高云,监事,16000.0,16000.0,竞价交易,2012-05-14,2012-05-16,高云,本人
887,中鼎股份,夏鼎湖,董事,105000.0,391400.0,竞价交易,2012-01-05,2012-01-09,夏鼎湖,本人
887,中鼎股份,易善兵,高管,56500.0,56500.0,竞价交易,2012-07-24,2012-07-26,易善兵,本人
893,东凌粮油,赖宁昌,董事,266659.0,129962615.0,竞价交易,2012-11-15,2012-11-19,广州东凌实业集团有限公司,受控法人
898,鞍钢股份,于万源,董事,10000.0,26317.0,竞价交易,2012-07-09,2012-07-12,张东方,配偶
900,现代投资,刘玉新,高管,10000.0,10000.0,竞价交易,2012-01-04,2012-01-06,刘玉新,本人
905,厦门港务,蔡立群,董事、高管,8200.0,8200.0,竞价交易,2012-06-01,2012-06-05,蔡纯白,兄弟姐妹
910,大亚科技,陈兴康,董事,100.0,100.0,竞价交易,2012-04-23,2012-04-25,陈建军,子女
917,电广传媒,廖朝晖,董秘、高管,88700.0,88700.0,竞价交易,2012-11-23,2012-11-27,廖朝晖,本人
917,电广传媒,袁楚贤,董事、高管,60000.0,173670.0,竞价交易,2012-12-03,2012-12-05,袁楚贤,本人
918,嘉凯城,朱利萍,高管,200.0,200.0,竞价交易,2012-05-25,2012-05-29,朱莉芬,兄弟姐妹
919,金陵药业,王锁金,高管,5000.0,81400.0,竞价交易,2012-08-22,2012-08-24,王锁金,本人
930,中粮生化,邹佩军,高管,900.0,3000.0,竞价交易,2012-03-14,2012-03-16,邹清浩,父母
930,中粮生化,夏令和,董事,20000.0,20000.0,竞价交易,2012-11-16,2012-11-20,夏令和,本人
937,冀中能源,张振峰,监事,2900.0,2900.0,竞价交易,2012-08-21,2012-08-23,杨玉清,配偶
948,南天信息,雷坚,董事,3200.0,3200.0,竞价交易,2012-05-23,2012-05-28,雷坚,本人
948,南天信息,陈智,高管,10000.0,10000.0,竞价交易,2012-06-01,2012-06-05,陈智,本人
987,广州友谊,江国源,高管,8600.0,33020.0,竞价交易,2012-06-05,2012-06-07,江国源,本人
988,华工科技,吕卫平,独立董事,2800.0,2800.0,竞价交易,2012-09-21,2012-09-25,吕少兰,兄弟姐妹
988,华工科技,王晓北,监事,200.0,200.0,竞价交易,2012-10-09,2012-10-11,王力生,父母
988,华工科技,安欣,证券事务代表,2000.0,2000.0,竞价交易,2012-11-12,2012-11-14,安进,兄弟姐妹
995,ST皇台,肖钢,高管,1000.0,1000.0,竞价交易,2012-03-19,2012-03-21,肖经禹,父母
997,新大陆,胡钢,董事,510780.0,1310780.0,竞价交易,2012-09-18,2012-09-20,胡钢,本人
997,新大陆,胡钢,董事,14400.0,1725080.0,竞价交易,2012-11-19,2012-11-21,胡钢,本人
2001,新和成,张晓波,监事,16260.0,16260.0,竞价交易,2012-05-23,2012-05-25,张晓波,本人
2001,新和成,崔欣荣,高管,26400.0,807240.0,竞价交易,2012-06-07,2012-06-20,崔欣荣,本人
2001,新和成,胡柏藩,董事,683982.0,683982.0,竞价交易,2012-07-17,2012-08-16,胡柏藩,本人
2001,新和成,胡柏藩,董事,170000.0,1181072.0,竞价交易,2012-09-05,2012-09-07,胡柏藩,本人
2001,新和成,胡柏藩,董事,46883.0,2930255.0,竞价交易,2012-11-20,2012-11-22,胡柏藩,本人
2003,伟星股份,章卡鹏,董事,2489240.0,76352645.0,竞价交易,2012-07-02,2012-07-04,伟星集团有限公司,受控法人
2003,伟星股份,章卡鹏,董事,346000.0,78009523.0,竞价交易,2012-09-18,2012-11-06,伟星集团有限公司,受控法人
2004,华邦制药,王榕,董事,56500.0,6382146.0,竞价交易,2012-06-27,2012-06-29,王榕,本人
2004,华邦制药,蒋康伟,董事,32000.0,48000.0,竞价交易,2012-09-03,2012-09-05,蒋康伟,本人
2005,德豪润达,胡长顺,董事,9900.0,9900.0,竞价交易,2012-07-12,2012-08-13,裴孙娟,配偶
2008,大族激光,刘学智,董事,1552200.0,1552200.0,竞价交易,2012-09-19,2012-09-21,刘学智,本人
2010,传化股份,来跃民,高管,8000.0,14000.0,竞价交易,2012-11-27,2012-11-29,来跃文,兄弟姐妹
2010,传化股份,应天根,董事,5000.0,5000.0,竞价交易,2012-12-14,2012-12-18,应天兴,兄弟姐妹
2011,盾安环境,周才良,董事,397485.0,2289485.0,竞价交易,2012-09-27,2012-09-29,周才良,本人
2014,永新股份,胡佛顺,监事,1000.0,2698.0,竞价交易,2012-09-06,2012-09-21,胡来顺,兄弟姐妹
2014,永新股份,许立杰,监事,200.0,200.0,竞价交易,2012-11-29,2012-12-03,许立栋,兄弟姐妹
2015,霞客环保,楚健健,董事,530000.0,28304750.0,竞价交易,2012-01-05,2012-01-09,江阴中基矿业投资有限公司,受控法人
2016,世荣兆业,夏宇,监事,2000.0,2000.0,竞价交易,2012-05-02,2012-05-04,夏然,兄弟姐妹
2018,华星化工,吴江鹰,董事,800.0,76259.0,竞价交易,2012-08-10,2012-08-14,吴江鹰,本人
2019,鑫富药业,张连春,高管,7300.0,7300.0,竞价交易,2012-04-25,2012-04-27,张晓春,兄弟姐妹
2020,京新药业,俞义萍,监事,100.0,100.0,竞价交易,2012-01-09,2012-01-11,俞天益,兄弟姐妹
2020,京新药业,王能能,董事、高管,1500.0,1500.0,竞价交易,2012-07-16,2012-08-14,俞一斌,配偶
2020,京新药业,吕钢,董事、高管,200000.0,5156284.0,竞价交易,2012-11-08,2012-11-12,浙江元金投资有限公司,受控法人
2020,京新药业,陈美丽,董事、高管,78500.0,78500.0,竞价交易,2012-12-25,2012-12-27,陈美丽,本人
2024,苏宁电器,金明,董事、高管,45900.0,122109907.0,竞价交易,2012-01-04,2012-01-06,金明,本人
2026,山东威达,杨明燕,董事,46200.0,59435300.0,竞价交易,2012-05-28,2012-05-30,山东威达集团有限公司,受控法人
2026,山东威达,杨明燕,董事,184500.0,60039100.0,竞价交易,2012-06-01,2012-06-05,山东威达集团有限公司,受控法人
2026,山东威达,杨明燕,董事,69600.0,60698700.0,竞价交易,2012-07-06,2012-08-13,山东威达集团有限公司,受控法人
2027,七喜控股,易贤忠,董事、高管,100.0,100.0,竞价交易,2012-06-29,2012-07-03,易贤尧,兄弟姐妹
2027,七喜控股,鱼丹,监事、证券事务代表,1200.0,1200.0,竞价交易,2012-12-03,2012-12-05,鱼生林,父母
2028,思源电气,董增平,董事,10000.0,79690982.0,竞价交易,2012-02-03,2012-02-07,董增平,本人
2029,七匹狼,齐树洁,独立董事,400.0,400.0,竞价交易,2012-10-26,2012-10-30,齐永秀,兄弟姐妹
2030,达安基因,许擎,监事,2400.0,2400.0,竞价交易,2012-11-28,2012-11-30,夏邦贤,配偶
2031,巨轮股份,洪惠平,董事,5300.0,5300.0,竞价交易,2012-01-18,2012-01-20,洪小曼,子女
2034,美欣达,许晓燕,监事,3100.0,3100.0,竞价交易,2012-09-07,2012-09-11,俞金珠,父母
2035,华帝股份,黄致峰,监事,34760.0,34760.0,竞价交易,2012-06-12,2012-06-14,黄焕明,兄弟姐妹
2036,宜科科技,王梦玮,监事,900.0,900.0,竞价交易,2012-12-17,2012-12-19,邬丽君,配偶
2038,双鹭药业,杨仲璠,监事,300.0,300.0,竞价交易,2012-01-06,2012-01-10,杨仲璠,本人
2042,华孚色纺,顾振华,监事,2800.0,1142800.0,竞价交易,2012-11-14,2012-11-16,顾振华,本人
2043,兔宝宝,徐俊,董事、高管,185604.0,185604.0,竞价交易,2012-07-17,2012-08-15,徐俊,本人
2045,国光电器,凌勤,董秘、高管,30000.0,462000.0,竞价交易,2012-11-20,2012-11-22,凌勤,本人
2049,同方国芯,陆致成,董事,200.0,200.0,竞价交易,2012-10-23,2012-10-25,邱锦来,父母
2050,三花股份,俞蓥奎,高管,9500.0,9500.0,竞价交易,2012-05-28,2012-05-30,俞蓥奎,本人
2051,中工国际,罗艳,董事、高管,20000.0,117500.0,竞价交易,2012-05-10,2012-05-14,罗艳,本人
2051,中工国际,黄翠,监事,600.0,600.0,竞价交易,2012-09-18,2012-11-06,李兵,配偶
2052,同洲电子,袁明,董事、高管,1005574.0,108135656.0,竞价交易,2012-01-04,2012-01-06,袁明,本人
2052,同洲电子,袁明,董事、高管,1292823.0,109428479.0,竞价交易,2012-07-09,2012-07-11,袁明,本人
2055,得润电子,邱建民,董事、高管,3952637.0,14081017.0,竞价交易,2012-11-19,2012-11-21,邱建民,本人
2059,云南旅游,杨彦,监事,1000.0,1000.0,竞价交易,2012-02-27,2012-02-29,杨汝琼,父母
2060,粤水电,黄建添,董事,1000.0,1000.0,竞价交易,2012-03-15,2012-03-19,黄建明,兄弟姐妹
2060,粤水电,林康南,高管,65000.0,65000.0,竞价交易,2012-12-10,2012-12-12,林康南,本人
2063,远光软件,周莉,监事,700.0,700.0,竞价交易,2012-06-07,2012-06-20,周莉,本人
2063,远光软件,黄笑华,董事、高管,272563.0,357740.0,股权激励,2012-12-11,2012-12-21,黄笑华,本人
2072,ST德棉,朱江,高管,4000.0,6000.0,竞价交易,2012-05-16,2012-05-21,高光和,父母
2072,ST德棉,侯书军,高管,3300.0,3300.0,竞价交易,2012-09-19,2012-09-21,侯书军,本人
2073,软控股份,张焱,董秘、董事,285600.0,285600.0,竞价交易,2012-12-26,2012-12-28,张焱,本人
2081,金螳螂,王洁,高管,2700000.0,4238905.0,其它,2012-07-19,2013-01-07,王洁,本人
2081,金螳螂,杨震,董事、高管,759375.0,5073658.0,股权激励,2012-11-26,2012-12-03,杨震,本人
2081,金螳螂,王琼,高管,303749.0,2026335.0,股权激励,2012-12-03,2012-12-07,王琼,本人
2083,孚日股份,李中尉,董事,700000.0,710700.0,大宗交易,2012-12-27,2012-12-31,李俊英,配偶
2088,鲁阳股份,王爱明,董事,600.0,600.0,竞价交易,2012-05-29,2012-05-31,王爱云,兄弟姐妹
2089,新海宜,张亦斌,董事、高管,660000.0,77901403.0,竞价交易,2012-11-28,2012-11-30,张亦斌,本人
2089,新海宜,张亦斌,董事、高管,540000.0,78441403.0,竞价交易,2012-12-04,2012-12-06,张亦斌,本人
2091,江苏国泰,闻振英,董事,2000.0,2000.0,竞价交易,2012-08-24,2012-08-28,夏永毅,配偶
2093,国脉科技,金大明,高管,800.0,800.0,竞价交易,2012-07-06,2012-08-13,江玮,配偶
2093,国脉科技,隋榕华,董事,820000.0,15036256.0,竞价交易,2012-11-27,2012-11-29,隋榕华,本人
2097,山河智能,何清华,董事、高管,167719.0,169219.0,竞价交易,2012-07-27,2012-08-13,何兆元,兄弟姐妹
2097,山河智能,何清华,董事、高管,250000.0,109308760.0,竞价交易,2012-08-30,2012-09-03,何清华,本人
2099,海翔药业,潘庆华,董事、高管,272600.0,335100.0,竞价交易,2012-01-06,2012-02-07,潘庆华,本人
2102,*ST冠福,张荣华,董事、高管,500.0,500.0,竞价交易,2012-07-12,2012-08-13,张墨林,子女
2109,兴化股份,赵剑博,董事、高管,100.0,100.0,竞价交易,2012-06-12,2012-06-14,史雪宁,配偶
2109,兴化股份,杨海岩,高管,2000.0,3000.0,竞价交易,2012-11-06,2012-11-08,杨昌林,父母
2111,威海广泰,乔志东,高管,1000.0,1000.0,竞价交易,2012-04-18,2012-04-20,乔洪早,兄弟姐妹
2115,三维通信,曹永福,监事,4000.0,490000.0,竞价交易,2012-09-07,2012-09-11,钟小英,配偶
2118,紫鑫药业,李宝芝,高管,50300.0,50300.0,竞价交易,2012-01-09,2012-01-11,李宝芝,本人
2121,科陆电子,孟建斌,董事,30000.0,30000.0,竞价交易,2012-01-05,2012-01-19,孟建斌,本人
2122,天马股份,马兴法,董事,868560.0,2393605.0,竞价交易,2012-01-05,2012-01-19,马兴法,本人
2122,天马股份,陈康胤,监事,10000.0,10000.0,竞价交易,2012-05-03,2012-05-07,陈康胤,本人
2122,天马股份,马兴法,董事,1813690.0,4207295.0,竞价交易,2012-09-27,2012-09-29,马兴法,本人
2123,荣信股份,杨贵发,监事,200.0,200.0,竞价交易,2012-01-18,2012-01-20,付菊英,配偶
2123,荣信股份,左强,董事、高管,320000.0,57589732.0,竞价交易,2012-04-23,2012-04-25,左强,本人
2123,荣信股份,左强,董事、高管,1000000.0,58589732.0,竞价交易,2012-10-29,2012-10-31,左强,本人
2129,中环股份,陆剑秋,董事,1000.0,1000.0,竞价交易,2012-06-08,2012-06-12,陈文军,配偶
2132,恒星科技,谢保军,董事,533049.0,187655049.0,竞价交易,2012-07-11,2012-07-13,谢保军,本人
2135,东南网架,郭明明,董事,80000.0,46459582.0,竞价交易,2012-06-18,2012-06-20,郭明明,本人
2135,东南网架,郭明明,董事,167561.0,46727143.0,竞价交易,2012-09-04,2012-09-06,郭明明,本人
2135,东南网架,郭明明,董事,80000.0,47427614.0,竞价交易,2012-11-06,2012-11-08,郭明明,本人
2135,东南网架,郭明明,董事,180000.0,48044263.0,竞价交易,2012-12-04,2012-12-06,郭明明,本人
2137,实益达,乔昕,高管、董事,10000.0,47441595.0,竞价交易,2012-03-22,2012-05-07,拉萨市冠德成科技发展有限公司,受控法人
2138,顺络电子,倪秉达,董事,2200.0,2200.0,竞价交易,2012-10-24,2012-10-26,倪云岚,兄弟姐妹
2141,蓉胜超微,郭建春,高管,100.0,100.0,竞价交易,2012-01-04,2012-01-06,唐金武,配偶
2146,荣盛发展,杨绍民,董事,800.0,12300.0,竞价交易,2012-08-20,2012-08-22,杨绍民,本人
2146,荣盛发展,鲍丽洁,董事、高管,3000.0,549000.0,竞价交易,2012-12-27,2012-12-31,鲍丽洁,本人
2147,方圆支承,钱森力,董事、高管,34610.0,47194675.0,竞价交易,2012-01-04,2012-01-06,钱森力,本人
2147,方圆支承,高海军,董秘、董事、高管,809800.0,809800.0,大宗交易,2012-08-31,2012-09-04,高珉,子女
2151,北斗星通,郭飚,高管,4000.0,4000.0,竞价交易,2012-09-21,2012-09-25,郭飚,本人
2154,报喜鸟,吴志泽,董事,292750.0,58068750.0,竞价交易,2012-09-04,2012-09-06,吴志泽,本人
2154,报喜鸟,吴志泽,董事,88000.0,58483350.0,竞价交易,2012-11-08,2012-11-12,吴志泽,本人
2157,正邦科技,林印孙,董事,1288517.0,173014607.0,竞价交易,2012-11-27,2012-11-29,正邦集团有限公司,受控法人
2157,正邦科技,林印孙,董事,330000.0,173534607.0,竞价交易,2012-12-03,2012-12-05,正邦集团有限公司,受控法人
2161,远望谷,陈长安,董事、高管,150000.0,15522893.0,竞价交易,2012-01-06,2012-01-29,陈长安,本人
2165,红宝丽,芮敬功,董事,481488.0,67827056.0,竞价交易,2012-02-21,2012-02-23,江苏宝源投资管理有限公司,受控法人
2165,红宝丽,韦华,高管,300.0,935300.0,竞价交易,2012-07-25,2012-07-27,韦华,本人
2168,深圳惠程,赵玉梅,监事,4500.0,4500.0,竞价交易,2012-04-06,2012-04-10,韩金荣,父母
2176,江特电机,邹诚,高管,1000.0,1000.0,竞价交易,2012-01-06,2012-01-29,郭淑萍,配偶
2178,延华智能,马书广,监事,2000.0,2000.0,竞价交易,2012-07-13,2012-08-13,王晓梅,配偶
2179,中航光电,李鹏,监事,2000.0,2000.0,竞价交易,2012-05-07,2012-05-09,孙姗姗,配偶
2185,华天科技,张玉明,董事,116000.0,139541000.0,竞价交易,2012-01-09,2012-01-11,天水华天微电子股份有限公司,受控法人
2185,华天科技,周永寿,董事、高管,4900.0,4900.0,竞价交易,2012-02-07,2012-02-09,周永寿,本人
2185,华天科技,宋勇,高管,2000.0,13480.0,竞价交易,2012-03-16,2012-03-20,宋勇,本人
2185,华天科技,薛延童,高管,8800.0,18800.0,竞价交易,2012-05-23,2012-05-25,薛延童,本人
2185,华天科技,张玉明,董事,1181820.0,224447420.0,竞价交易,2012-07-13,2012-08-13,天水华天微电子股份有限公司,受控法人
2185,华天科技,张玉明,董事,300000.0,224747420.0,竞价交易,2012-09-20,2012-09-24,天水华天微电子股份有限公司,受控法人
2197,证通电子,许忠慈,董事、高管,45000.0,1336359.0,竞价交易,2012-01-05,2012-01-19,许忠孝,兄弟姐妹
2197,证通电子,许忠慈,董事、高管,2000.0,1343359.0,竞价交易,2012-02-21,2012-02-23,许忠孝,兄弟姐妹
2197,证通电子,曾胜辉,高管,2000.0,2000.0,竞价交易,2012-08-08,2012-08-29,曾碧辉,兄弟姐妹
2201,九鼎新材,冯永赵,董事,400.0,400.0,竞价交易,2012-02-01,2012-02-03,赵云霞,兄弟姐妹
2203,海亮股份,钱昂军,监事,470000.0,470000.0,大宗交易,2012-05-21,2012-06-08,钱景熙,子女
2204,大连重工,陈树文,独立董事,10000.0,10000.0,竞价交易,2012-10-22,2012-10-24,宫小平,配偶
2214,大立科技,崔亚民,监事,5000.0,16000.0,竞价交易,2012-11-08,2012-11-12,汪丽敏,配偶
2216,三全食品,陈泽民,董事,3000.0,27523000.0,竞价交易,2012-05-17,2012-05-21,陈泽民,本人
2220,天宝股份,黄作庆,董事、高管,1078498.0,96699814.0,竞价交易,2012-10-31,2012-11-23,黄作庆,本人
2220,天宝股份,黄作庆,董事、高管,586699.0,97286513.0,竞价交易,2012-11-01,2012-11-05,黄作庆,本人
2224,三力士,黄凯军,高管,100.0,100.0,竞价交易,2012-05-03,2012-05-07,郑丽娜,配偶
2225,濮耐股份,向敏,董事,1000.0,1000.0,竞价交易,2012-07-12,2012-08-13,钱福德,配偶
2230,科大讯飞,毛昌民,监事,5000.0,5000.0,竞价交易,2012-02-03,2012-02-07,毛昌民,本人
2231,奥维通信,毕连福,董事,1000.0,1000.0,竞价交易,2012-01-09,2012-01-11,毕桂香,兄弟姐妹
2234,民和股份,孙宪法,董事、高管,5838000.0,7453124.0,大宗交易,2012-10-30,2012-11-13,孙宪法,本人
2234,民和股份,孙宪法,董事、高管,47521.0,7500645.0,竞价交易,2012-11-19,2012-11-21,孙宪法,本人
2235,安妮股份,郭永芳,独立董事,1000.0,1000.0,竞价交易,2012-12-05,2012-12-07,郭美琪,兄弟姐妹
2236,大华股份,吴云龙,高管,6000.0,6000.0,竞价交易,2012-11-05,2012-11-21,江宇姬,配偶
2240,威华股份,鲁晓华,高管,3000.0,3000.0,竞价交易,2012-01-10,2012-01-12,赵咏梅,配偶
2244,滨江集团,沈伟东,高管,20000.0,20000.0,竞价交易,2012-05-28,2012-06-08,卢薏,配偶
2247,帝龙新材,姜祖明,高管,300.0,300.0,竞价交易,2012-01-06,2012-01-29,姜祖平,兄弟姐妹
2249,大洋电机,鲁楚平,董事,550065.0,241960065.0,竞价交易,2012-11-30,2012-12-04,鲁楚平,本人
2249,大洋电机,鲁楚平,董事,449951.0,242410016.0,竞价交易,2012-12-03,2012-12-05,鲁楚平,本人
2253,川大智胜,游志胜,董事,20000.0,1361526.0,竞价交易,2012-01-06,2012-01-10,陈素华,配偶
2255,海陆重工,宋巨能,高管,500.0,500.0,竞价交易,2012-08-17,2012-08-20,宋静英,兄弟姐妹
2263,大东南,黄剑鹏,董事,500.0,500.0,竞价交易,2012-08-09,2012-08-13,温孝雅,父母
2266,浙富股份,宗佩民,董事,22300.0,137378.0,竞价交易,2012-01-19,2012-01-29,宗佩民,本人
2266,浙富股份,潘承东,高管,700.0,2200.0,竞价交易,2012-03-12,2012-03-14,潘爱春,兄弟姐妹
2266,浙富股份,孙毅,董事,220340.0,246022070.0,竞价交易,2012-06-29,2012-07-03,孙毅,本人
2267,陕天然气,隋舵,监事,5500.0,5500.0,竞价交易,2012-05-09,2012-05-11,常绍福,父母
2268,卫士通,魏建平,董事,2000.0,2000.0,竞价交易,2012-03-23,2012-03-28,魏丹萍,兄弟姐妹
2276,万马电缆,吴清旺,董事,5000.0,5000.0,竞价交易,2012-01-13,2012-02-16,贺丹青,配偶
2276,万马电缆,张珊珊,董事,100000.0,9491320.0,竞价交易,2012-11-23,2012-11-27,张珊珊,本人
2278,神开股份,方慧珍,高管,600.0,600.0,竞价交易,2012-11-30,2012-12-04,黄明琨,配偶
2290,禾盛新材,章文华,董事、高管,4000.0,4000.0,竞价交易,2012-06-05,2012-06-07,章瑞华,兄弟姐妹
2300,太阳电缆,陈清福,高管,1000.0,1000.0,竞价交易,2012-10-19,2012-10-23,陈立新,兄弟姐妹
2304,洋河股份,陈太清,监事,16600.0,16600.0,竞价交易,2012-08-23,2012-08-27,刘玉梅,配偶
2304,洋河股份,朱广生,董事、高管,400.0,400.0,竞价交易,2012-10-26,2012-10-30,王晓红,配偶
2305,南国置业,王昌文,董事、高管,2000.0,2000.0,竞价交易,2012-06-29,2012-07-03,王昌明,兄弟姐妹
2305,南国置业,许晓明,董事,1002616.0,485411128.0,竞价交易,2012-07-19,2012-07-23,许晓明,本人
2309,中利科技,王柏兴,董事,70000.0,130589870.0,竞价交易,2012-01-04,2012-01-06,王柏兴,本人
2309,中利科技,沈恂骧,高管,1000.0,1000.0,竞价交易,2012-03-05,2012-04-16,沈霞婷,子女
2310,东方园林,何巧女,董事、高管,40300.0,80900920.0,竞价交易,2012-01-04,2012-01-06,何巧女,本人
2310,东方园林,何巧女,董事、高管,99100.0,161684463.0,竞价交易,2012-11-27,2012-11-29,何巧女,本人
2310,东方园林,何巧女,董事、高管,216003.0,161900466.0,竞价交易,2012-12-12,2012-12-14,何巧女,本人
2315,焦点科技,沈锦华,董事、高管,15500.0,69659961.0,竞价交易,2012-01-06,2012-01-10,沈锦华,本人
2320,海峡股份,林健,董事,3100.0,3100.0,竞价交易,2012-07-05,2012-08-13,林霞,兄弟姐妹
2321,华英农业,李世良,高管,500000.0,500000.0,大宗交易,2012-09-07,2012-09-11,李世良,本人
2322,理工监测,周方洁,董事、高管,192909.0,192909.0,竞价交易,2012-01-05,2012-01-09,周方洁,本人
2322,理工监测,周方洁,董事、高管,284897.0,2323021.0,竞价交易,2012-12-31,2013-01-05,周方洁,本人
2325,洪涛股份,黄珊,高管,900.0,900.0,竞价交易,2012-04-09,2012-04-11,黄莺,兄弟姐妹
2327,富安娜,林国芳,董事、高管,153420.0,65182020.0,竞价交易,2012-12-25,2012-12-27,林国芳,本人
2328,新朋股份,史济平,董事、高管,95000.0,95000.0,竞价交易,2012-05-22,2012-05-24,史济平,本人
2328,新朋股份,宋琳,董事、高管,10000.0,91505090.0,竞价交易,2012-06-14,2012-06-18,宋琳,本人
2335,科华恒盛,陈成辉,董事、高管,50000.0,29591943.0,竞价交易,2012-01-16,2012-01-18,陈成辉,本人
2335,科华恒盛,陈成辉,董事、高管,66000.0,41501720.0,竞价交易,2012-07-31,2012-08-02,陈成辉,本人
2335,科华恒盛,陈成辉,董事、高管,77800.0,41579520.0,竞价交易,2012-08-01,2012-08-03,陈成辉,本人
2340,格林美,余和平,董事,100.0,100.0,竞价交易,2012-05-31,2012-06-14,余建平,兄弟姐妹
2340,格林美,余和平,董事,3959.0,4059.0,竞价交易,2012-12-05,2012-12-07,余建平,兄弟姐妹
2343,禾欣股份,孔中平,高管,2000.0,2000.0,竞价交易,2012-08-31,2012-09-04,孔中兆,兄弟姐妹
2345,潮宏基,廖木枝,董事,20000.0,100000.0,竞价交易,2012-01-06,2012-01-10,廖木枝,本人
2350,北京科锐,张新育,董事,20000.0,20000.0,竞价交易,2012-11-19,2012-11-21,张汉华,配偶
2351,漫步者,张文东,董事、高管,105900.0,96135900.0,竞价交易,2012-01-20,2012-01-31,张文东,本人
2364,中恒电气,周庆捷,董事,3900.0,3900.0,竞价交易,2012-01-20,2012-01-31,周庆平,兄弟姐妹
2367,康力电梯,王友林,董事、高管,355400.0,177209150.0,竞价交易,2012-05-15,2012-05-17,王友林,本人
2367,康力电梯,马建萍,独立董事,3700.0,3700.0,竞价交易,2012-12-11,2012-12-13,马建英,兄弟姐妹
2370,亚太药业,陈尧根,董事,73705.0,73705.0,竞价交易,2012-11-06,2012-11-08,陈尧根,本人
2373,联信永益,陈锋,董事,53000.0,53000.0,竞价交易,2012-01-05,2012-01-09,陈黎,子女
2375,亚厦股份,王震,监事,100.0,100.0,竞价交易,2012-09-13,2012-09-28,王国荣,其他
2375,亚厦股份,丁欣欣,董事,300000.0,228000000.0,竞价交易,2012-11-28,2012-11-30,亚厦控股有限公司,受控法人
2384,东山精密,袁永刚,董事,35000.0,35000.0,竞价交易,2012-05-03,2012-05-07,王文娟,配偶
2384,东山精密,袁永刚,董事,300098.0,104868098.0,竞价交易,2012-08-28,2012-08-30,袁永刚,本人
2384,东山精密,袁永刚,董事,220000.0,105088098.0,竞价交易,2012-11-09,2012-11-13,袁永刚,本人
2384,东山精密,袁永刚,董事,55000.0,105143098.0,竞价交易,2012-12-20,2012-12-24,袁永刚,本人
2385,大北农,马强,证券事务代表,700.0,1700.0,竞价交易,2012-02-27,2012-02-29,马强,本人
2385,大北农,邵根伙,董事、高管,900.0,356635056.0,竞价交易,2012-06-07,2012-06-11,邵根伙,本人
2385,大北农,邵根伙,董事、高管,78054.0,357612210.0,竞价交易,2012-11-16,2012-11-20,邵根伙,本人
2387,黑牛食品,吴华东,董事、高管,1400.0,1400.0,竞价交易,2012-01-05,2012-01-09,任丽,配偶
2390,信邦制药,梁军,董事,5000.0,5000.0,竞价交易,2012-05-22,2012-05-24,梁志强,父母
2392,北京利尔,赵伟,董事,1361000.0,1361000.0,竞价交易,2012-12-31,2013-01-05,赵伟,本人
2394,联发股份,李心合,独立董事,900.0,900.0,竞价交易,2012-12-19,2012-12-21,李华京,子女
2404,嘉欣丝绸,顾群,董事,1000.0,1000.0,竞价交易,2012-01-04,2012-01-06,顾梅,兄弟姐妹
2404,嘉欣丝绸,顾群,董事,300.0,300.0,竞价交易,2012-02-07,2012-02-09,顾梅,兄弟姐妹
2406,远东传动,徐开阳,董事,13000.0,4680500.0,竞价交易,2012-09-06,2012-09-21,徐开阳,本人
2408,齐翔腾达,车成聚,董事,54205.0,294344277.0,竞价交易,2012-01-05,2012-02-08,淄博齐翔石油化工集团有限公司,受控法人
2408,齐翔腾达,车成聚,董事,50000.0,295122858.0,竞价交易,2012-02-02,2012-02-06,淄博齐翔石油化工集团有限公司,受控法人
2408,齐翔腾达,车成聚,董事,110000.0,296123437.0,竞价交易,2012-03-14,2012-05-07,淄博齐翔石油化工集团有限公司,受控法人
2408,齐翔腾达,车成聚,董事,50000.0,296333437.0,竞价交易,2012-04-24,2012-05-14,淄博齐翔石油化工集团有限公司,受控法人
2408,齐翔腾达,车成聚,董事,540000.0,296873437.0,竞价交易,2012-05-15,2012-05-30,淄博齐翔石油化工集团有限公司,受控法人
2408,齐翔腾达,车成聚,董事,73020.0,356676379.0,竞价交易,2012-06-15,2012-07-06,淄博齐翔石油化工集团有限公司,受控法人
2408,齐翔腾达,车成聚,董事,127300.0,356803679.0,竞价交易,2012-08-15,2012-08-20,淄博齐翔石油化工集团有限公司,受控法人
2408,齐翔腾达,车成聚,董事,55263.0,356978316.0,竞价交易,2012-09-03,2012-09-18,淄博齐翔石油化工集团有限公司,受控法人
2408,齐翔腾达,车成聚,董事,50000.0,357048316.0,竞价交易,2012-12-25,2012-12-27,淄博齐翔石油化工集团有限公司,受控法人
2410,广联达,陈晓红,监事,21000.0,62929002.0,竞价交易,2012-07-17,2012-07-19,陈晓红,本人
2415,海康威视,胡丹,高管,1800.0,1800.0,竞价交易,2012-06-01,2012-06-05,胡丹,本人
2418,康盛股份,陈汉康,董事、高管,188128.0,57968128.0,竞价交易,2012-01-06,2012-01-10,陈汉康,本人
2418,康盛股份,陈汉康,董事,394926.0,58646944.0,竞价交易,2012-06-26,2012-06-28,陈汉康,本人
2422,科伦药业,程志鹏,董事、高管,1000.0,1000.0,竞价交易,2012-08-20,2012-08-22,程志龙,兄弟姐妹
2429,兆驰股份,全劲松,董事、高管,5000.0,5000.0,竞价交易,2012-03-16,2012-03-20,宋燕玲,配偶
2429,兆驰股份,顾伟,董事,617828.0,617828.0,竞价交易,2012-06-29,2012-07-03,顾伟,本人
2430,杭氧股份,陶自平,监事,300.0,300.0,竞价交易,2012-01-18,2012-01-20,陶自敏,兄弟姐妹
2430,杭氧股份,邱秋荣,高管,3300.0,3300.0,竞价交易,2012-11-13,2012-11-15,楼卢杭,配偶
2434,万里扬,王维传,董事、高管,14500.0,100000.0,竞价交易,2012-11-29,2012-12-03,沈锦凤,配偶
2439,启明星辰,王佳,董事、高管,249501.0,77271273.0,竞价交易,2012-11-28,2012-11-30,王佳,本人
2440,闰土股份,陈志庆,高管,2000.0,2000.0,竞价交易,2012-07-25,2012-08-13,陈立波,子女
2440,闰土股份,阮加根,董事,535000.0,135435193.0,竞价交易,2012-12-21,2012-12-25,阮加根,本人
2441,众业达,杨松,高管,30000.0,230000.0,竞价交易,2012-08-27,2012-08-29,杨松,本人
2441,众业达,吴开贤,董事,331720.0,90504220.0,竞价交易,2012-11-21,2012-11-23,吴开贤,本人
2444,巨星科技,王暋,高管,500.0,500.0,竞价交易,2012-06-15,2012-06-19,王暐,兄弟姐妹
2444,巨星科技,周思远,证券事务代表,16000.0,16000.0,竞价交易,2012-11-14,2012-11-16,裘桦,父母
2445,中南重工,吴庆丰,高管,500000.0,500000.0,大宗交易,2012-01-13,2012-02-23,吴庆丰,本人
2449,国星光电,张建琦,董事,1100.0,1100.0,竞价交易,2012-06-11,2012-06-26,侯瑛,配偶
2452,长高集团,肖世威,高管,500.0,500.0,竞价交易,2012-05-25,2012-05-29,张小春,配偶
2452,长高集团,马孝武,董事、高管,100000.0,31759810.0,竞价交易,2012-08-30,2012-09-03,马孝武,本人
2454,松芝股份,张伟洁,监事,66600.0,66600.0,竞价交易,2012-01-30,2012-02-24,张朝宏,父母
2454,松芝股份,张伟洁,监事,116500.0,113600.0,竞价交易,2012-09-26,2012-09-28,张朝宏,父母
2455,百川股份,曹彩娥,高管,4500.0,4500.0,竞价交易,2012-07-02,2012-07-04,曹洪林,兄弟姐妹
2457,青龙管业,梁国瑞,监事,28800.0,796055.0,竞价交易,2012-06-18,2012-06-20,梁国瑞,本人
2458,益生股份,纪永梅,高管,8000.0,18000.0,竞价交易,2012-12-11,2012-12-13,纪仁生,兄弟姐妹
2467,二六三,汪学思,监事,50000.0,6487990.0,竞价交易,2012-07-09,2012-08-13,乌鲁木齐星彦投资有限公司,受控法人
2469,三维工程,孙波,董事、高管,500.0,500.0,竞价交易,2012-04-25,2012-04-27,沈娟珍,父母
2471,中超电缆,杨飞,董事,5000.0,5000.0,竞价交易,2012-08-14,2012-08-16,杨飞,本人
2471,中超电缆,张乃明,董事、高管,53300.0,210800.0,竞价交易,2012-09-03,2012-09-05,张乃明,本人
2471,中超电缆,周燕,董秘、高管,16900.0,150000.0,竞价交易,2012-10-08,2012-10-10,周燕,本人
2471,中超电缆,杨飞,董事,800.0,500000.0,竞价交易,2012-11-09,2012-11-13,杨飞,本人
2471,中超电缆,杨飞,董事,20100.0,520100.0,竞价交易,2012-12-13,2012-12-17,杨飞,本人
2472,双环传动,吴长鸿,董事、高管,313297.0,28884697.0,竞价交易,2012-07-17,2012-07-19,吴长鸿,本人
2472,双环传动,吴长鸿,董事、高管,117000.0,29001697.0,竞价交易,2012-09-11,2012-10-19,吴长鸿,本人
2476,宝莫股份,杜春丽,监事,1000.0,1000.0,竞价交易,2012-01-06,2012-01-10,薛秀华,配偶
2476,宝莫股份,许肃贤,董事,7000.0,20000.0,竞价交易,2012-06-04,2012-06-06,宋少珍,配偶
2476,宝莫股份,许肃贤,独立董事,100.0,100.0,竞价交易,2012-10-10,2012-10-12,许广贤,兄弟姐妹
2477,雏鹰农牧,吴易得,董秘、董事、高管,34900.0,34900.0,竞价交易,2012-11-29,2012-12-03,吴易得,本人
2478,常宝股份,曹坚,董事,299930.0,48303050.0,竞价交易,2012-01-05,2012-02-03,江苏常宝投资发展有限公司,受控法人
2478,常宝股份,曹坚,董事,100.0,48303150.0,竞价交易,2012-07-05,2012-08-13,江苏常宝投资发展有限公司,受控法人
2479,富春环保,孙庆炎,董事,150000.0,166550000.0,竞价交易,2012-07-04,2012-08-13,浙江富春江通信集团有限公司,受控法人
2480,新筑股份,金之达,监事,400.0,400.0,竞价交易,2012-02-22,2012-02-24,彭亚丽,配偶
2481,双塔食品,杨君敏,董事,213382.0,213382.0,竞价交易,2012-11-30,2012-12-04,杨君敏,本人
2481,双塔食品,杨君敏,董事,441100.0,654482.0,竞价交易,2012-12-03,2012-12-05,杨君敏,本人
2484,江海股份,顾洪钟,高管,100.0,100.0,竞价交易,2012-07-13,2012-08-13,顾坚武,兄弟姐妹
2485,希努尔,徐广宁,董事,600.0,600.0,竞价交易,2012-02-28,2012-03-01,周爱华,配偶
2485,希努尔,王桂波,董事,43300.0,135115300.0,竞价交易,2012-12-17,2012-12-19,新郎希努尔集团股份有限公司,受控法人
2489,浙江永强,汤义君,监事,2400.0,2400.0,竞价交易,2012-03-14,2012-03-16,汤义波,兄弟姐妹
2489,浙江永强,谢建强,董事、高管,255144.0,255144.0,竞价交易,2012-11-05,2012-11-07,谢先兴,父母
2490,山东墨龙,张云三,董事、高管,100.0,100.0,竞价交易,2012-02-16,2012-02-20,张冠琪,子女
2491,通鼎光电,沈小平,董事,352101.0,15428201.0,竞价交易,2012-01-18,2012-02-17,沈小平,本人
2491,通鼎光电,沈小平,董事,180981.0,17532392.0,竞价交易,2012-02-01,2012-02-03,沈小平,本人
2491,通鼎光电,钱慧芳,董事,400.0,400.0,竞价交易,2012-12-05,2012-12-07,钱明颖,兄弟姐妹
2492,恒基达鑫,张辛聿,董事,2000.0,2000.0,竞价交易,2012-11-28,2012-11-30,张恒,配偶
2496,辉丰股份,王兴林,高管,245000.0,245000.0,股权激励,2012-05-28,2012-06-18,王兴林,本人
2496,辉丰股份,孙永良,证券事务代表,1900.0,61900.0,竞价交易,2012-06-26,2012-06-28,孙永良,本人
2498,汉缆股份,张创业,高管,500.0,500.0,竞价交易,2012-03-16,2012-03-20,张雪艳,兄弟姐妹
2499,科林环保,宋七棣,董事、高管,2000.0,9542000.0,竞价交易,2012-03-23,2012-03-28,江苏科林集团有限公司,受控法人
2505,大康牧业,王斌,高管,1100.0,1100.0,竞价交易,2012-04-19,2012-04-23,王斌,本人
2505,大康牧业,王斌,高管,58000.0,59100.0,竞价交易,2012-06-28,2012-07-02,王斌,本人
2505,大康牧业,王斌,高管,278624.0,367274.0,竞价交易,2012-07-06,2012-07-10,王斌,本人
2505,大康牧业,向奇志,董事,2000.0,5166740.0,竞价交易,2012-12-26,2012-12-28,向奇志,本人
2509,天广消防,李东升,监事,100.0,100.0,竞价交易,2012-02-07,2012-02-09,李登毅,子女
2510,天汽模,张义生,董事,2000.0,2000.0,竞价交易,2012-06-11,2012-06-26,张月生,兄弟姐妹
2510,天汽模,赵文杰,董事、高管,300.0,800.0,竞价交易,2012-11-28,2012-11-30,赵文素,兄弟姐妹
2511,中顺洁柔,邹以斌,高管,4600.0,8800.0,竞价交易,2012-05-18,2012-05-22,邹以强,兄弟姐妹
2511,中顺洁柔,邓冠彪,董事,25600.0,336645.0,竞价交易,2012-11-30,2012-12-04,邓冠彪,本人
2511,中顺洁柔,邓冠彪,董事,5000.0,341645.0,竞价交易,2012-12-03,2012-12-05,邓冠彪,本人
2512,达华智能,黄翰强,高管,1000.0,1000.0,竞价交易,2012-10-11,2012-10-15,黄伯强,兄弟姐妹
2521,齐峰股份,李安东,董事、高管,338262.0,653332.0,竞价交易,2012-08-31,2012-09-04,李安宗,兄弟姐妹
2521,齐峰股份,李安东,董事、高管,151800.0,805132.0,竞价交易,2012-09-03,2012-09-05,李安宗,兄弟姐妹
2523,天桥起重,夏晓辉,董事,655487.0,11045934.0,竞价交易,2012-08-17,2012-09-10,上海六禾投资有限公司,受控法人
2524,光正钢构,姜勇,董秘、高管,800.0,800.0,竞价交易,2012-11-21,2012-11-23,姜其业,父母
2527,新时达,陈华峰,董事、高管,3000.0,3000.0,竞价交易,2012-01-10,2012-01-12,陈辉峰,兄弟姐妹
2531,天顺风能,严俊旭,董事、高管,135064.0,135064.0,竞价交易,2012-11-01,2012-11-05,严俊旭,本人
2535,林州重机,丁保华,高管,10000.0,10000.0,竞价交易,2012-11-05,2012-11-27,丁中强,子女
2536,西泵股份,孙定文,高管,1200.0,1200.0,竞价交易,2012-10-30,2012-11-13,孙军,兄弟姐妹
2550,千红制药,王轶,董事,2000.0,2000.0,竞价交易,2012-03-14,2012-03-16,王飞,兄弟姐妹
2554,惠博普,郑玲,高管,18100.0,18100.0,竞价交易,2012-11-15,2012-11-19,郑娅,兄弟姐妹
2564,张化机,陈玉忠,董事、高管,318527.0,159204287.0,竞价交易,2012-01-06,2012-01-20,陈玉忠,本人
2564,张化机,余强,高管,5300.0,8900.0,竞价交易,2012-02-01,2012-02-03,余强,本人
2564,张化机,高玉标,董秘、高管,50000.0,237032.0,竞价交易,2012-11-16,2012-11-20,高玉标,本人
2566,益盛药业,蔡孟杰,高管,500.0,500.0,竞价交易,2012-07-13,2012-08-13,蔡孟波,兄弟姐妹
2567,唐人神,陶一山,董事、高管,35000.0,34305015.0,竞价交易,2012-01-04,2012-01-06,株洲成业投资股份有限公司,受控法人
2570,贝因美,李仲英,监事,500.0,4500.0,竞价交易,2012-10-15,2012-10-17,李仲雄,兄弟姐妹
2570,贝因美,李仲英,监事,200.0,4700.0,竞价交易,2012-11-21,2012-11-23,李仲雄,兄弟姐妹
2570,贝因美,陈慧湘,董事,2000.0,2000.0,竞价交易,2012-12-11,2012-12-13,陈会珍,兄弟姐妹
2573,国电清新,洪珊珊,高管,5000.0,5000.0,竞价交易,2012-06-06,2012-06-08,吴鸣凡,配偶
2574,明牌珠宝,虞阿五,董事,8225.0,71393442.0,竞价交易,2012-07-12,2012-08-13,浙江日月首饰集团有限公司,受控法人
2574,明牌珠宝,虞阿五,董事,17200.0,71825236.0,竞价交易,2012-10-10,2012-10-12,浙江日月首饰集团有限公司,受控法人
2578,闽发铝业,黄天火,董事,5000.0,5000.0,竞价交易,2012-04-25,2012-04-27,黄秀春,兄弟姐妹
2578,闽发铝业,黄松林,董事,6600.0,6600.0,竞价交易,2012-07-26,2012-08-13,黄金进,子女
2583,海能达,李少谦,董事,2900.0,2900.0,竞价交易,2012-04-27,2012-05-03,谭晓梅,配偶
2583,海能达,李少谦,董事,5100.0,8000.0,竞价交易,2012-05-02,2012-05-04,谭晓梅,配偶
2585,双星新材,吴培服,董事、高管,21300.0,21300.0,竞价交易,2012-09-04,2012-09-06,吴琼,子女
2586,围海股份,王长军,监事,1000.0,1000.0,竞价交易,2012-03-29,2012-03-31,谢雪冰,配偶
2590,万安科技,田红梅,监事,4000.0,4000.0,竞价交易,2012-04-10,2012-04-12,田红玉,兄弟姐妹
2590,万安科技,陈铁峰,监事,8000.0,877702.0,竞价交易,2012-11-13,2012-11-15,陈铁峰,本人
2592,八菱科技,黄进叶,监事,100.0,100.0,竞价交易,2012-01-05,2012-02-06,黄进叶,本人
2592,八菱科技,顾瑜,董事、高管,1000.0,1000.0,竞价交易,2012-04-20,2012-04-24,顾凌鹏,兄弟姐妹
2592,八菱科技,刘汉桥,监事,100.0,100.0,竞价交易,2012-07-26,2012-08-13,刘琴,兄弟姐妹
2593,日上集团,王永东,董事,3600.0,3600.0,竞价交易,2012-02-02,2012-02-06,王凤瑜,兄弟姐妹
2594,比亚迪,王传福,董事、高管,500.0,500.0,竞价交易,2012-10-26,2012-10-30,王代玉,兄弟姐妹
2595,豪迈科技,栾晓梅,证券事务代表,1100.0,1100.0,竞价交易,2012-10-25,2012-10-29,栾军,兄弟姐妹
2597,金禾实业,杨迎春,董事,210000.0,125394000.0,竞价交易,2012-10-30,2012-11-13,安徽金瑞化工投资有限公司,受控法人
2597,金禾实业,杨迎春,董事,45000.0,125536220.0,竞价交易,2012-11-07,2012-11-09,安徽金瑞化工投资有限公司,受控法人
2598,山东章鼓,李子春,董事,200.0,200.0,竞价交易,2012-03-29,2012-03-31,李乐,子女
2603,以岭药业,赵韶华,高管,300.0,300.0,竞价交易,2012-04-25,2012-04-27,赵韶英,兄弟姐妹
2604,龙力生物,刘伯哲,董事,100.0,100.0,竞价交易,2012-04-24,2012-04-26,刘陆鹏,子女
2604,龙力生物,程少博,董事、高管,40000.0,42025200.0,竞价交易,2012-12-04,2012-12-06,程少博,本人
2607,亚夏汽车,李林,董秘,2000.0,170000.0,竞价交易,2012-09-27,2012-09-29,李林,本人
2607,亚夏汽车,肖美荣,董事、高管,7900.0,387900.0,竞价交易,2012-11-09,2012-11-13,肖美荣,本人
2607,亚夏汽车,肖美荣,董事、高管,300.0,390000.0,竞价交易,2012-12-13,2012-12-17,肖美荣,本人
2609,捷顺科技,刘翠英,董事、高管,100.0,100.0,竞价交易,2012-01-20,2012-01-31,刘俊明,兄弟姐妹
2610,爱康科技,邹承慧,董事、高管,3000000.0,3000000.0,大宗交易,2012-09-20,2012-09-24,邹承慧,本人
2613,北玻股份,高学林,董事,1000.0,1000.0,竞价交易,2012-11-30,2012-12-04,高文慧,子女
2614,蒙发利,李五令,董事、高管,10240.0,73144240.0,竞价交易,2012-05-04,2012-05-08,李五令,本人
2614,蒙发利,李五令,董事、高管,100000.0,73284040.0,竞价交易,2012-07-16,2012-08-14,李五令,本人
2625,龙生股份,周志强,高管,1500.0,1500.0,竞价交易,2012-02-13,2012-02-15,周冬梅,兄弟姐妹
2625,龙生股份,周志强,高管,1000.0,2500.0,竞价交易,2012-03-27,2012-03-29,周冬梅,兄弟姐妹
2626,金达威,卢英华,董事,100.0,100.0,竞价交易,2012-04-19,2012-04-23,黄霄红,配偶
2627,宜昌交运,尹明,监事,100.0,100.0,竞价交易,2012-05-16,2012-05-21,尹陵,兄弟姐妹
2628,成都路桥,李健,董事,7700.0,7700.0,竞价交易,2012-02-28,2012-03-01,王庆之,子女
2629,仁智油服,熊海河,监事,200.0,200.0,竞价交易,2012-09-27,2012-09-29,杨宝丰,配偶
2630,华西能源,刘洪芬,监事,500.0,2000.0,竞价交易,2012-06-11,2012-06-26,刘洪兴,兄弟姐妹
2632,道明光学,胡智彪,董事、高管,50000.0,1170000.0,竞价交易,2012-08-24,2012-08-28,池巧丽,配偶
2632,道明光学,胡智雄,董事、高管,8600.0,3684700.0,竞价交易,2012-09-06,2012-09-10,吕笑梅,配偶
2632,道明光学,胡智雄,董事、高管,32820.0,4163859.0,竞价交易,2012-11-05,2012-11-07,吕笑梅,配偶
2632,道明光学,胡智彪,董事、高管,166600.0,2186686.0,竞价交易,2012-12-25,2012-12-27,池巧丽,配偶
2635,安洁科技,张木秀,监事,200.0,200.0,竞价交易,2012-06-15,2012-06-19,张锦洋,兄弟姐妹
2636,金安国纪,韩涛,董事、高管,1620009.0,1620009.0,竞价交易,2012-12-27,2012-12-31,韩涛,本人
2637,赞宇科技,郑乐东,证券事务代表,1000.0,1000.0,竞价交易,2012-10-29,2012-11-15,郑乐意,兄弟姐妹
2638,勤上光电,吴琨,监事,1700.0,1700.0,竞价交易,2012-02-02,2012-03-13,齐自建,父母
2638,勤上光电,李旭亮,董事,620572.0,97654572.0,竞价交易,2012-12-12,2012-12-14,东莞勤上集团有限公司,受控法人
2642,荣之联,陈拂晓,董事,100.0,100.0,竞价交易,2012-05-02,2012-05-04,陈林子,兄弟姐妹
2643,烟台万润,董志忠,监事,4000.0,4000.0,竞价交易,2012-02-15,2012-02-20,单联众,兄弟姐妹
2651,利君股份,曹辉,董事、高管,200.0,200.0,竞价交易,2012-01-10,2012-01-12,巫瑛,配偶
2653,海思科,范秀莲,董事、高管,1100.0,1100.0,竞价交易,2012-01-18,2012-02-17,杨飞,子女
2658,雪迪龙,吴宝华,监事,2500.0,2500.0,竞价交易,2012-03-12,2012-03-14,梁微伟,子女
2662,京威股份,王立华,高管,6300.0,6300.0,竞价交易,2012-04-18,2012-04-20,王立华,本人
2662,京威股份,梁振安,独立董事,100.0,100.0,竞价交易,2012-09-19,2012-09-21,梁振安,本人
2664,信质电机,朱彬,高管,2000.0,2000.0,竞价交易,2012-07-10,2012-08-13,朱兴华,父母
2673,西部证券,邱旭东,高管,6000.0,6000.0,竞价交易,2012-10-11,2012-10-15,邱碧波,兄弟姐妹
2674,兴业科技,冉崇元,监事,1100.0,1100.0,竞价交易,2012-11-15,2012-11-19,冉崇兵,兄弟姐妹
2675,东诚生化,石涛,监事,400.0,400.0,竞价交易,2012-05-25,2012-05-29,石红,兄弟姐妹
2678,珠江钢琴,施少斌,董事,15000.0,15000.0,竞价交易,2012-08-17,2012-08-20,施少斌,本人
2683,宏大爆破,张汉平,高管,1000.0,1000.0,竞价交易,2012-06-12,2012-06-14,黄卫群,配偶
2690,美亚光电,俞能宏,董事,8500.0,8500.0,竞价交易,2012-08-03,2012-08-13,唐新华,配偶
2694,顾地科技,孙志军,高管,3000.0,3000.0,竞价交易,2012-12-20,2012-12-24,孙志江,兄弟姐妹
2697,红旗连锁,喻实,高管,3700.0,3700.0,竞价交易,2012-09-07,2012-09-11,喻实,本人
2699,美盛文化,袁贤苗,董事、高管,500.0,500.0,竞价交易,2012-11-05,2012-11-07,张伟红,配偶
2699,美盛文化,陈文,独立董事,600.0,600.0,竞价交易,2012-12-20,2012-12-24,陈庆,兄弟姐妹
2701,奥瑞金,赵宇晖,董事、高管,1200.0,1200.0,竞价交易,2012-12-28,2013-01-04,赵宇弘,兄弟姐妹
300001,特锐德,屈东明,董事、高管,41600.0,41600.0,竞价交易,2012-02-28,2012-03-01,屈东明,本人
300001,特锐德,杨小龙,监事,3000.0,3000.0,竞价交易,2012-03-30,2012-04-06,韩素芹,父母
300002,神州泰岳,朱健松,高管,4900.0,4900.0,竞价交易,2012-04-24,2012-04-26,朱黎,兄弟姐妹
300002,神州泰岳,万能,董事、高管,2000.0,2000.0,竞价交易,2012-11-08,2012-11-12,万强,兄弟姐妹
300005,探路者,韩涛,高管,62400.0,356981.0,股权激励,2012-07-06,2012-08-28,韩涛,本人
300005,探路者,张成,董事、董秘、高管,650000.0,1112732.0,股权激励,2012-08-23,2012-09-12,张成,本人
300005,探路者,盛发强,董事,160000.0,110842504.0,竞价交易,2012-12-04,2012-12-06,盛发强,本人
300008,上海佳豪,刘楠,董事、高管,5000.0,29517840.0,竞价交易,2012-01-05,2012-01-09,上海佳船投资发展有限公司,受控法人
300008,上海佳豪,刘楠,董事、高管,25600.0,44306110.0,竞价交易,2012-07-16,2012-08-13,上海佳船投资发展有限公司,受控法人
300010,立思辰,乔坤,监事,10000.0,554500.0,竞价交易,2012-09-19,2012-09-21,乔坤,本人
300015,爱尔眼科,陈邦,董事,132000.0,192132000.0,竞价交易,2012-12-06,2012-12-10,湖南爱尔医疗投资有限公司,受控法人
300018,中元华电,张小波,高管,10000.0,9010000.0,竞价交易,2012-09-20,2012-09-24,张小波,本人
300020,银江股份,章建强,董事、高管,35800.0,35800.0,竞价交易,2012-05-29,2012-05-31,章建强,本人
300020,银江股份,章建强,董事、高管,37000.0,72800.0,竞价交易,2012-11-21,2012-11-23,章建强,本人
300021,大禹节水,邱振存,高管,14600.0,14600.0,竞价交易,2012-06-21,2012-06-26,邱振存,本人
300025,华星创业,周游,高管,20000.0,20000.0,竞价交易,2012-01-16,2012-01-18,周岩方,父母
300029,天龙光电,冯金生,董事,300000.0,25507594.0,竞价交易,2012-04-27,2012-05-03,冯金生,本人
300029,天龙光电,冯金生,董事,216795.0,25724389.0,竞价交易,2012-05-28,2012-05-30,冯金生,本人
300030,阳普医疗,闫红玉,董事、高管,10000.0,10000.0,竞价交易,2012-09-04,2012-09-06,晏金发,配偶
300037,新宙邦,毛玉华,监事,100.0,370500.0,竞价交易,2012-02-13,2012-02-15,毛玉华,本人
300040,九洲电气,杨登瑞,独立董事,500.0,500.0,竞价交易,2012-11-06,2012-11-08,杨丹,兄弟姐妹
300041,回天胶业,金燕,监事,5000.0,5000.0,竞价交易,2012-11-21,2012-11-23,金凡,兄弟姐妹
300044,赛为智能,周晓清,高管,500.0,500.0,竞价交易,2012-02-06,2012-02-08,王玉琳,配偶
300052,中青宝,张云霞,董事,461899.0,33611899.0,竞价交易,2012-12-10,2012-12-12,深圳市宝德投资控股有限公司,受控法人
300058,蓝色光标,刘璐,监事,10806.0,10806.0,竞价交易,2012-11-13,2012-11-15,高秀平,父母
300071,华谊嘉信,陈仲华,董事,9500.0,9500.0,竞价交易,2012-10-16,2012-10-18,杨佩芳,配偶
300073,当升科技,关志波,高管,6000.0,6000.0,竞价交易,2012-02-10,2012-02-14,李宇光,配偶
300074,华平股份,方永新,高管,5000.0,5000.0,竞价交易,2012-01-19,2012-01-29,方永新,本人
300074,华平股份,方永新,高管,10000.0,15000.0,竞价交易,2012-02-01,2012-02-03,方永新,本人
300076,宁波GQY,沈俊,监事,1700.0,6900.0,竞价交易,2012-11-12,2012-11-14,戴汉荣,父母
300078,中瑞思创,俞国骅,董事、高管,2050000.0,46440000.0,大宗交易,2012-06-13,2012-06-15,俞国骅,本人
300078,中瑞思创,俞国骅,董事、高管,10000.0,46450000.0,竞价交易,2012-12-03,2012-12-05,俞国骅,本人
300079,数码视讯,郑海涛,董事、高管,4500.0,4500.0,竞价交易,2012-03-15,2012-04-09,郑银玉,兄弟姐妹
300079,数码视讯,周昕,监事,3000.0,1329172.0,竞价交易,2012-04-19,2012-04-23,周昕,本人
300081,恒信移动,孟宪民,董事、高管,87100.0,21092477.0,竞价交易,2012-06-28,2012-07-02,孟宪民,本人
300081,恒信移动,孟宪民,董事、高管,10000.0,21115317.0,竞价交易,2012-08-16,2012-08-20,孟宪民,本人
300082,奥克股份,谭文华,监事,40000.0,40000.0,竞价交易,2012-09-06,2012-10-25,谭文华,本人
300082,奥克股份,刘兆滨,董事、高管,541109.0,145439509.0,竞价交易,2012-12-13,2012-12-17,奥克集团股份公司,受控法人
300086,康芝药业,李萍,独立董事,1700.0,1700.0,竞价交易,2012-12-19,2012-12-21,李丽,兄弟姐妹
300088,长信科技,高前文,董秘、董事、高管,10000.0,10000.0,竞价交易,2012-12-05,2012-12-07,高前文,本人
300094,国联水产,李忠,董事,120000.0,120000.0,竞价交易,2012-09-13,2012-09-17,李忠,本人
300094,国联水产,李忠,董事,510611.0,915611.0,竞价交易,2012-10-29,2012-10-31,李忠,本人
300101,国腾电子,谢俊,董事、高管,42300.0,42300.0,竞价交易,2012-02-06,2012-02-08,谢俊,本人
300104,乐视网,贾跃民,高管,7525.0,10447075.0,竞价交易,2012-12-12,2012-12-14,贾跃民,本人
300105,龙源技术,费智,董事,7000.0,7000.0,竞价交易,2012-02-29,2012-03-02,黄晓丹,配偶
300106,西部牧业,陈炯仁,董事,19500.0,19500.0,竞价交易,2012-04-24,2012-04-26,陈泽坤,子女
300109,新开源,王东虎,董事、高管,20048.0,22996048.0,竞价交易,2012-12-07,2012-12-11,王东虎,本人
300111,向日葵,潘卫标,高管,2000.0,402000.0,竞价交易,2012-06-29,2012-07-31,潘卫标,本人
300112,万讯自控,郑维强,监事,2000.0,2000.0,竞价交易,2012-11-26,2012-11-28,郑灵,兄弟姐妹
300117,嘉寓股份,田家玉,董事、高管,2600000.0,85993520.0,大宗交易,2012-05-09,2012-05-11,北京嘉寓新新资产管理有限公司,受控法人
300119,瑞普生物,戴金平,董事,4000.0,6000.0,竞价交易,2012-02-07,2013-01-09,代金锋,兄弟姐妹
300119,瑞普生物,戴金平,董事,2000.0,2200.0,竞价交易,2012-03-02,2013-01-07,代金锋,兄弟姐妹
300119,瑞普生物,李守军,董事、高管,224048.0,83470848.0,竞价交易,2012-10-26,2012-10-30,李守军,本人
300124,汇川技术,柏子平,监事,100.0,100.0,竞价交易,2012-05-04,2012-05-08,柏峰,兄弟姐妹
300125,易世达,何启贤,董事、高管,900.0,900.0,竞价交易,2012-10-31,2012-11-02,何启霞,兄弟姐妹
300128,锦富新材,邓世强,高管,2900.0,2900.0,竞价交易,2012-12-17,2012-12-19,杨涌珍,父母
300129,泰胜风能,吴运东,董事,13000.0,13000.0,竞价交易,2012-03-30,2012-04-06,孙运娜,配偶
300129,泰胜风能,柳志成,董事,3800.0,3800.0,竞价交易,2012-08-07,2012-08-13,柳爱珍,兄弟姐妹
300131,英唐智控,胡庆周,董事、高管,68000.0,31528000.0,竞价交易,2012-01-04,2012-01-06,胡庆周,本人
300132,青松股份,童劼,高管,110000.0,530000.0,竞价交易,2012-02-08,2012-02-10,童劼,本人
300132,青松股份,童劼,高管,352000.0,1057100.0,竞价交易,2012-11-27,2012-11-29,童劼,本人
300132,青松股份,童劼,高管,79100.0,1824200.0,竞价交易,2012-12-03,2012-12-05,童劼,本人
300134,大富科技,肖喜松,监事,10000.0,10000.0,竞价交易,2012-12-17,2012-12-19,肖喜松,本人
300135,宝利沥青,周德洪,董事,402000.0,60402000.0,竞价交易,2012-01-20,2012-01-31,周德洪,本人
300135,宝利沥青,周德洪,董事,13300.0,60415300.0,竞价交易,2012-04-19,2012-04-23,周德洪,本人
300140,启源装备,王学成,董事,10000.0,10000.0,竞价交易,2012-05-25,2012-05-29,王学成,本人
300140,启源装备,赵友安,董事,8000.0,8000.0,竞价交易,2012-06-04,2012-06-06,杨向明,配偶
300140,启源装备,赵刚,监事,500.0,500.0,竞价交易,2012-07-11,2012-08-13,刘利军,配偶
300140,启源装备,赵友安,董事,9000.0,17000.0,竞价交易,2012-11-28,2012-11-30,杨向明,配偶
300141,和顺电气,陈祥书,高管,500.0,500.0,竞价交易,2012-02-24,2012-02-28,陈锦书,兄弟姐妹
300142,沃森生物,陈尔佳,董事、高管,600.0,600.0,竞价交易,2012-01-18,2012-01-20,陈宝全,父母
300144,宋城股份,黄巧灵,董事,505000.0,192895000.0,竞价交易,2012-10-26,2012-10-30,杭州宋城集团控股有限公司,受控法人
300144,宋城股份,黄巧灵,董事,14500.0,193004500.0,竞价交易,2012-11-13,2012-11-15,杭州宋城集团控股有限公司,受控法人
300147,香雪制药,连林生,高管,139200.0,139200.0,股权激励,2012-07-05,2012-07-06,连林生,本人
300154,瑞凌股份,庞大同,董事,12500.0,12500.0,竞价交易,2012-04-19,2012-04-23,庞颢,子女
300157,恒泰艾普,万力,董事,500.0,500.0,竞价交易,2012-07-26,2012-08-13,万邦炎,父母
300162,雷曼光电,李跃宗,董事,600.0,600.0,竞价交易,2012-04-06,2012-04-10,李荣生,兄弟姐妹
300163,先锋新材,卢先锋,董事,380088.0,36240088.0,竞价交易,2012-11-28,2012-11-30,卢先锋,本人
300169,天晟新材,孙剑,董事、高管,20000.0,39916614.0,竞价交易,2012-09-10,2012-09-12,孙剑,本人
300170,汉得信息,张伟锋,高管、证券事务代表,163800.0,163800.0,竞价交易,2012-03-14,2012-03-16,张伟锋,本人
300172,中电环保,袁劲梅,高管,2000.0,2000.0,竞价交易,2012-11-08,2012-11-12,宋建伟,配偶
300176,鸿特精密,刘春生,监事,2200.0,2200.0,竞价交易,2012-08-20,2012-08-22,宋明华,配偶
300177,中海达,李中球,董事、高管,20000.0,10066512.0,竞价交易,2012-03-21,2012-03-23,李中球,本人
300179,四方达,傅晓成,董事,1500.0,1500.0,竞价交易,2012-06-06,2012-06-08,陈丽珺,配偶
300180,华峰超纤,程鸣,董秘、董事、证券事务代表,3000.0,3000.0,竞价交易,2012-12-04,2012-12-06,陈晨,配偶
300183,东软载波,王锐,董事,400.0,400.0,竞价交易,2012-01-17,2012-01-19,王品,兄弟姐妹
300185,通裕重工,司勇,高管,500000.0,500000.0,竞价交易,2012-05-23,2012-05-25,司勇,本人
300185,通裕重工,石爱军,董秘、高管,500.0,1578030.0,竞价交易,2012-09-21,2012-09-25,石爱军,本人
300186,大华农,陈瑞爱,董事、高管,1000.0,1000.0,竞价交易,2012-12-27,2012-12-31,陈长瑞,兄弟姐妹
300189,神农大丰,彭小毛,董事,35170.0,5986827.0,竞价交易,2012-07-20,2012-07-24,彭小毛,本人
300190,维尔利,黄兴刚,监事,600.0,600.0,竞价交易,2012-05-16,2012-05-21,王常瑜,配偶
300196,长海股份,杨凤琴,董事,14300.0,14300.0,竞价交易,2012-03-30,2012-04-06,杨赛琴,兄弟姐妹
300198,纳川股份,张萍,高管,200.0,200.0,竞价交易,2012-12-31,2013-01-05,张玉华,兄弟姐妹
300200,高盟新材,严海龙,高管,5400.0,5400.0,竞价交易,2012-03-05,2012-03-07,王理刚,配偶
300201,海伦哲,张惠玲,监事,1000.0,1000.0,竞价交易,2012-02-02,2012-02-06,张惠玲,本人
300201,海伦哲,尹亚平,董事、高管,900.0,900.0,竞价交易,2012-07-04,2012-08-13,尹小平,兄弟姐妹
300201,海伦哲,丁剑平,董事、高管,67595.0,67595.0,竞价交易,2012-11-06,2012-11-08,丁剑平,本人
300201,海伦哲,张惠玲,监事,3000.0,33200.0,竞价交易,2012-12-11,2012-12-13,张惠玲,本人
300204,舒泰神,顾振其,董事,4300.0,4300.0,竞价交易,2012-01-06,2012-01-10,穆彩球,配偶
300204,舒泰神,顾振其,董事,369629.0,369629.0,竞价交易,2012-11-22,2012-11-26,顾振其,本人
300204,舒泰神,顾振其,董事,95900.0,1157501.0,竞价交易,2012-12-06,2012-12-10,顾振其,本人
300206,理邦仪器,张浩,董事、高管,1000.0,1000.0,竞价交易,2012-01-18,2012-01-20,张薇,兄弟姐妹
300208,恒顺电气,贾全臣,董事、高管,46500.0,46500.0,竞价交易,2012-06-04,2012-06-06,贾全臣,本人
300208,恒顺电气,贾全臣,董事、高管,100400.0,385400.0,竞价交易,2012-12-20,2012-12-24,贾全臣,本人
300210,森远股份,薛萍,高管,1000.0,1000.0,竞价交易,2012-03-21,2012-03-23,都元学,配偶
300212,易华录,张黎明,董事,5000.0,5000.0,竞价交易,2012-02-07,2012-02-09,张黎华,兄弟姐妹
300214,日科化学,刘业军,董事、高管,200.0,200.0,竞价交易,2012-01-05,2012-01-09,刘翰卿,子女
300214,日科化学,赵东日,董事,519529.0,62730001.0,竞价交易,2012-07-06,2012-07-10,赵东日,本人
300217,东方电热,谭荣生,董事,150000.0,44194000.0,竞价交易,2012-07-13,2012-07-17,谭荣生,本人
300217,东方电热,谭荣生,董事,150000.0,44344000.0,竞价交易,2012-08-30,2012-09-03,谭荣生,本人
300217,东方电热,谭荣生,董事,120194.0,44464194.0,竞价交易,2012-09-18,2012-09-20,谭荣生,本人
300219,鸿利光电,孙昌远,高管,1000.0,1000.0,竞价交易,2012-10-25,2012-10-29,雷贵平,配偶
300225,金力泰,吴国政,董事、高管,2400.0,36778749.0,竞价交易,2012-12-04,2012-12-06,吴国政,本人
300226,上海钢联,贾良群,董事、高管,100.0,100.0,竞价交易,2012-02-02,2012-02-06,白云,配偶
300226,上海钢联,朱宇彤,高管,200.0,1600.0,竞价交易,2012-03-28,2012-03-30,吴晓涛,配偶
300226,上海钢联,朱军红,董事、高管,200.0,200.0,竞价交易,2012-06-26,2012-08-13,朱胜红,兄弟姐妹
300229,拓尔思,李渝勤,董事,150000.0,115856250.0,竞价交易,2012-12-19,2012-12-21,北京信科互动科技发展有限公司,受控法人
300235,方直科技,秦军,监事,1000.0,1000.0,竞价交易,2012-07-16,2012-08-13,罗晶,配偶
300239,东宝生物,王丽萍,董事、高管,10400.0,10400.0,竞价交易,2012-12-06,2012-12-10,王瑞军,兄弟姐妹
300240,飞力达,冯国凯,监事,3400.0,3400.0,竞价交易,2012-10-08,2012-10-10,冯国良,兄弟姐妹
300248,新开普,高建明,董事,1000.0,1000.0,竞价交易,2012-07-18,2012-08-13,高建雄,兄弟姐妹
300257,开山股份,江晓华,董事,400.0,400.0,竞价交易,2012-07-27,2012-08-13,江晓红,兄弟姐妹
300257,开山股份,胡奕忠,高管,700.0,209573.0,竞价交易,2012-09-20,2012-09-24,胡奕忠,本人
300258,精锻科技,王声堂,董事,800.0,800.0,竞价交易,2012-03-20,2012-03-22,王瑜,子女
300261,雅本化学,JIANG YUEHENG,高管,500.0,40502.0,竞价交易,2012-04-27,2012-05-03,江致勤,父母
300261,雅本化学,王生洪,董事,7600.0,7600.0,竞价交易,2012-05-31,2012-06-04,杨炜祖,子女
300267,尔康制药,曹再云,董事,300.0,2034081.0,竞价交易,2012-06-19,2012-06-21,曹再云,本人
300267,尔康制药,刘嘉,董事,300.0,2154332.0,竞价交易,2012-12-12,2012-12-14,北京黑马资产管理有限公司,受控法人
300269,联建光电,谢志明,监事,2000.0,2000.0,竞价交易,2012-02-03,2012-05-08,谢创明,兄弟姐妹
300271,紫光华宇,任涛,董事,5000.0,5000.0,竞价交易,2012-04-20,2012-04-24,任梅,兄弟姐妹
300272,开能环保,瞿建国,董事,700.0,90700.0,竞价交易,2012-01-30,2012-02-01,瞿建新,兄弟姐妹
300272,开能环保,杨焕凤,董事、高管,20000.0,5352500.0,竞价交易,2012-04-12,2012-04-16,杨焕凤,本人
300272,开能环保,杨焕凤,董事、高管,20000.0,6978250.0,竞价交易,2012-11-23,2012-11-27,杨焕凤,本人
300273,和佳股份,蔡孟珂,董事,3300.0,3300.0,竞价交易,2012-01-30,2012-02-01,蔡沁玲,兄弟姐妹
300279,和晶科技,张晨阳,董事,5000.0,5000.0,竞价交易,2012-11-12,2012-11-14,张俊元,父母
300283,温州宏丰,周庆清,高管,600.0,300.0,竞价交易,2012-04-16,2012-05-08,林小秋,配偶
300293,蓝英装备,于广勇,监事,200.0,200.0,竞价交易,2012-05-23,2012-05-25,沈君,配偶
300296,利亚德,袁波,高管,6900.0,6900.0,竞价交易,2012-05-28,2012-05-30,袁涛,兄弟姐妹
300297,蓝盾股份,李根森,董事、高管,10400.0,10400.0,竞价交易,2012-03-15,2012-04-09,李梅香,兄弟姐妹
300298,三诺生物,张帆,董事,19400.0,19900.0,竞价交易,2012-03-19,2012-04-09,余高珍,父母
300301,长方照明,苏金燕,监事,400.0,400.0,竞价交易,2012-04-20,2012-04-24,张有坤,配偶
300314,戴维医疗,许芳芳,董事,200.0,200.0,竞价交易,2012-05-08,2012-05-10,许丹霞,兄弟姐妹
300316,晶盛机电,朱亮,高管,1054.0,1054.0,竞价交易,2012-05-11,2012-05-15,朱敬泽,父母
300318,博晖创新,杨奇,高管、董事,1600.0,800.0,竞价交易,2012-06-07,2012-06-19,杨健,兄弟姐妹
300321,同大股份,郑永贵,董事、高管,200.0,200.0,竞价交易,2012-05-24,2012-05-28,隋文花,配偶
300324,旋极信息,陈江涛,董事、高管,5000.0,305000.0,竞价交易,2012-10-15,2012-10-17,陈为群,兄弟姐妹
300327,中颖电子,胡卉,监事,500.0,500.0,竞价交易,2012-07-18,2012-08-13,胡屏,兄弟姐妹
300332,天壕节能,胡帆,高管,12000.0,12000.0,竞价交易,2012-09-26,2012-09-28,吴霜,配偶
300332,天壕节能,张学军,董事,2100.0,2100.0,竞价交易,2012-11-28,2012-11-30,张学群,兄弟姐妹
300332,天壕节能,张学军,董事,2600.0,2600.0,竞价交易,2012-12-03,2012-12-05,张学群,兄弟姐妹
300336,新文化,张慧玲,高管,1000.0,1000.0,竞价交易,2012-10-12,2012-10-16,张敏琪,兄弟姐妹
300345,红宇新材,陈新文,董秘,4600.0,4600.0,竞价交易,2012-09-06,2012-10-25,陈金桃,兄弟姐妹
300346,南大光电,张建富,董秘、董事、高管,100.0,100.0,竞价交易,2012-08-15,2012-08-20,王卓,配偶
600019,宝钢股份,周建峰,高管,25000.0,60000.0,二级市场买卖,2012-05-02,2012-05-02,周建峰,本人
600019,宝钢股份,马国强,董事,50000.0,150000.0,二级市场买卖,2012-06-11,2012-06-11,马国强,本人
600019,宝钢股份,李永祥,高管,28500.0,66500.0,二级市场买卖,2012-07-05,2012-08-03,李永祥,本人
600048,保利地产,张玲,董事,1302492.0,7814952.0,分红送转,2012-06-19,2012-06-20,张玲,本人
600052,浙江广厦,楼明,董事,200.0,189300.0,二级市场买卖,2012-03-12,2013-07-31,楼明,本人
600052,浙江广厦,楼明,董事,2900.0,192200.0,二级市场买卖,2012-07-13,2013-07-31,楼明,本人
600075,新疆天业,周淑兰,董事,1000.0,4000.0,二级市场买卖,2012-01-13,2012-02-01,周淑兰,本人
600083,ST博信,朱凤廉,高管,30600000.0,30600000.0,其他,2012-03-22,2012-04-26,朱凤廉,本人
600093,禾嘉股份,宋浩,董事,30000.0,30000.0,二级市场买卖,2012-01-13,2012-01-20,宋浩,本人
600093,禾嘉股份,宋浩,董事,10300.0,113400.0,二级市场买卖,2012-02-02,2012-02-02,宋浩,本人
600096,云天化,张嘉庆,董事,10000.0,15970.0,二级市场买卖,2012-12-06,2012-12-06,张嘉庆,本人
600111,包钢稀土,刘义,高管,29304.0,58608.0,分红送转,2012-05-04,2012-05-08,刘义,本人
600118,中国卫星,闫忠文,董事,10000.0,10000.0,二级市场买卖,2012-01-06,2012-01-06,闫忠文,本人
600118,中国卫星,闫忠文,董事,3000.0,13000.0,分红送转,2012-05-23,2012-06-14,闫忠文,本人
600118,中国卫星,王黎,高管,24800.0,24800.0,二级市场买卖,2012-08-27,2012-08-27,王黎,本人
600119,长江投资,朱联,董事,5000.0,18900.0,二级市场买卖,2012-12-03,2012-12-03,朱联,本人
600123,兰花科创,韩建中,董事,10000.0,20000.0,分红送转,2012-06-04,2012-12-31,韩建中,本人
600125,铁龙物流,李广文,高管,200.0,37194.0,二级市场买卖,2012-07-27,2012-07-27,李广文,本人
600141,兴发集团,李国璋,董事,10000.0,30059.0,二级市场买卖,2012-07-02,2012-07-05,李国璋,本人
600143,金发科技,王定华,监事,114000.0,304000.0,分红送转,2012-06-04,2013-12-02,王定华,本人
600143,金发科技,蔡彤旻,董事,100000.0,13034304.0,二级市场买卖,2012-07-27,2012-07-27,蔡彤旻,本人
600153,建发股份,吴小敏,董事,3200.0,240372.0,二级市场买卖,2012-12-17,2012-12-18,吴小敏,本人
600157,永泰能源,李恒,董事,100.0,100.0,二级市场买卖,2012-09-27,2013-07-30,李恒,本人
600157,永泰能源,李恒,董事,2000.0,2100.0,二级市场买卖,2012-11-12,2013-07-30,李恒,本人
600160,巨化股份,许生来,董事,5195.0,13853.0,分红送转,2012-05-22,2012-05-23,许生来,本人
600183,生益科技,周嘉林,监事,330000.0,330000.0,其他,2012-04-18,2017-03-15,周嘉林,本人
600183,生益科技,周嘉林,监事,99000.0,429000.0,分红送转,2012-06-04,2017-03-15,周嘉林,本人
600183,生益科技,黄铁明,董事,100000.0,413198.0,二级市场买卖,2012-07-19,2013-07-31,黄铁明,本人
600190,锦州港,李桂萍,监事,700.0,46600.0,二级市场买卖,2012-01-11,2012-01-13,李桂萍,本人
600208,新湖中宝,潘孝娜,董事,864000.0,2880000.0,股权激励实施,2012-06-19,2015-01-07,潘孝娜,本人
600233,大杨创世,石豆豆,高管,221200.0,313576.0,二级市场买卖,2012-09-18,2013-03-20,石豆豆,本人
600237,铜峰电子,蒋金伟,高管,123000.0,123000.0,二级市场买卖,2012-11-13,2012-11-13,蒋金伟,本人
600237,铜峰电子,王晓云,董事,266100.0,866100.0,二级市场买卖,2012-12-03,2012-12-04,王晓云,本人
600238,海南椰岛,刘文寿,监事,16700.0,37650.0,二级市场买卖,2012-08-28,2012-08-28,刘文寿,本人
600246,万通地产,程晓晞,高管,178000.0,178000.0,二级市场买卖,2012-05-07,2012-05-08,程晓晞,本人
600246,万通地产,云大俊,董事,95000.0,290000.0,二级市场买卖,2012-06-01,2012-06-05,云大俊,本人
600246,万通地产,徐云冲,高管,40000.0,101560.0,二级市场买卖,2012-07-10,2013-11-29,徐云冲,本人
600246,万通地产,杨建华,高管,43000.0,186230.0,二级市场买卖,2012-08-22,2012-08-24,杨建华,本人
600246,万通地产,杨毅清,高管,42700.0,285700.0,二级市场买卖,2012-09-04,2012-09-04,杨毅清,本人
600246,万通地产,程晓晞,高管,8100.0,215100.0,二级市场买卖,2012-11-07,2012-11-07,程晓晞,本人
600252,中恒集团,李汉南,监事,3000.0,3000.0,二级市场买卖,2012-07-02,2012-07-03,李汉南,本人
600261,阳光照明,吴青谊,董事,40000.0,40000.0,二级市场买卖,2012-09-14,2012-09-14,吴青谊,本人
600280,南京中商,祝义材,董事,1436086.0,54394976.0,二级市场买卖,2012-09-18,2012-10-23,祝义材,本人
600280,南京中商,祝义材,董事,1437240.0,55832216.0,二级市场买卖,2012-11-23,2012-11-29,祝义材,本人
600280,南京中商,祝义材,董事,1440548.0,57272764.0,二级市场买卖,2012-12-05,2012-12-07,祝义材,本人
600285,羚锐制药,熊维政,董事,30000.0,1510000.0,二级市场买卖,2012-12-04,2013-01-05,熊维政,本人
600303,曙光股份,李海阳,董事,26000.0,172250.0,二级市场买卖,2012-11-14,2013-08-01,李海阳,本人
600323,南海发展,欧阳济渊,监事,3510.0,10530.0,分红送转,2012-04-11,2012-05-14,欧阳济渊,本人
600327,大东方,潘霄燕,董事,10000.0,81120.0,二级市场买卖,2012-07-16,2012-07-17,潘霄燕,本人
600327,大东方,潘霄燕,董事,5000.0,96120.0,二级市场买卖,2012-12-03,2012-12-04,潘霄燕,本人
600351,亚宝药业,任武贤,董事,2000000.0,2000000.0,新股申购,2012-10-15,2012-11-05,任武贤,本人
600352,浙江龙盛,何旭斌,高管,12300.0,679646.0,二级市场买卖,2012-11-15,2013-07-31,何旭斌,本人
600354,敦煌种业,张绍平,董事,1512.0,2772.0,分红送转,2012-05-07,2014-07-16,张绍平,本人
600360,华微电子,宋天祥,董事,102800.0,233320.0,二级市场买卖,2012-09-05,2012-09-06,宋天祥,本人
600373,中文传媒,周文,董事,20000.0,20000.0,二级市场买卖,2012-12-31,2013-01-04,周文,本人
600380,健康元,苏庆文,高管,12000.0,72000.0,分红送转,2012-05-17,2012-05-28,苏庆文,本人
600400,红豆股份,周鸣江,董事,220000.0,938900.0,二级市场买卖,2012-11-08,2012-11-09,周鸣江,本人
600406,国电南瑞,郑玉平,高管,499.0,297898.0,二级市场买卖,2012-08-31,2013-02-04,郑玉平,本人
600408,安泰集团,李安民,董事,802814.0,317800816.0,二级市场买卖,2012-07-06,2012-07-20,李安民,本人
600416,湘电股份,陈能,董事,22200.0,22200.0,二级市场买卖,2012-12-06,2013-06-20,陈能,本人
600422,昆明制药,徐朝能,高管,54900.0,95477.0,股权激励实施,2012-05-25,2013-08-27,徐朝能,本人
600423,柳化股份,袁志刚,董事,7100.0,447100.0,二级市场买卖,2012-10-26,2012-10-26,袁志刚,本人
600433,冠豪高新,王奇,董事,109100.0,109100.0,二级市场买卖,2012-12-03,2013-01-09,王奇,本人
600446,金证股份,杜宣,董事,214120.0,31013120.0,二级市场买卖,2012-11-28,2012-11-30,杜宣,本人
600490,中科合臣,姜标,董事,3000.0,3102690.0,二级市场买卖,2012-01-18,2013-01-18,姜标,本人
600496,精工钢构,方朝阳,董事,1127950.0,1367950.0,二级市场买卖,2012-01-04,2012-01-05,方朝阳,本人
600512,腾达建设,严炜雷,高管,45400.0,45400.0,二级市场买卖,2012-04-12,2013-01-31,严炜雷,本人
600512,腾达建设,叶洋增,董事,80800.0,15757300.0,二级市场买卖,2012-07-17,2012-08-13,叶洋增,本人
600518,康美药业,彭钦,高管,50000.0,50000.0,二级市场买卖,2012-12-24,2012-12-24,彭钦,本人
600521,华海药业,陈保华,董事,7803229.0,148392449.0,其他,2012-02-08,2012-02-09,陈保华,本人
600525,长园集团,朱庆红,监事,800.0,800.0,二级市场买卖,2012-04-25,2012-04-26,朱庆红,本人
600526,菲达环保,蔡天忠,监事,2000.0,3000.0,二级市场买卖,2012-05-08,2013-08-07,蔡天忠,本人
600527,江南高纤,陶国平,董事,798848.0,126484448.0,二级市场买卖,2012-12-24,2012-12-24,陶国平,本人
600568,中珠控股,李勇军,董事,131000.0,131000.0,二级市场买卖,2012-07-18,2012-07-23,李勇军,本人
600568,中珠医疗,叶继革,董事,384144.0,704264.0,分红送转,2012-11-12,2017-09-08,叶继革,本人
600577,精达股份,储忠京,董事,40000.0,40000.0,二级市场买卖,2012-12-27,2013-05-08,储忠京,本人
600580,卧龙电气,王建乔,董事,330000.0,3601172.0,二级市场买卖,2012-09-18,2012-09-18,王建乔,本人
600582,天地科技,闫少宏,高管,30900.0,30900.0,二级市场买卖,2012-09-25,2012-09-26,闫少宏,本人
600583,海油工程,王涛,高管,18000.0,18000.0,二级市场买卖,2012-03-28,2012-03-31,王涛,本人
600583,海油工程,陈永红,高管,4400.0,4400.0,二级市场买卖,2012-11-30,2012-12-10,陈永红,本人
600583,海油工程,杨云,高管,30000.0,30000.0,二级市场买卖,2012-12-03,2012-12-11,杨云,本人
600587,新华医疗,王世平,监事,5190.0,22488.0,公司增发新股时老股东配售,2012-05-02,2014-05-12,王世平,本人
600588,用友软件,吴政平,董事,619830.0,619830.0,二级市场买卖,2012-01-06,2012-01-09,吴政平,本人
600588,用友软件,向奇汉,高管,50000.0,319555.0,二级市场买卖,2012-10-31,2012-10-31,向奇汉,本人
600588,用友软件,卢刚,高管,20000.0,277572.0,二级市场买卖,2012-11-01,2012-11-01,卢刚,本人
600590,泰豪科技,黄代放,董事,900000.0,2019768.0,其他,2012-05-29,2012-08-15,黄代放,本人
600594,益佰制药,郎洪平,董事,450000.0,2556000.0,二级市场买卖,2012-01-19,2012-01-20,郎洪平,本人
600594,益佰制药,窦启玲,董事,326750.0,85449649.0,二级市场买卖,2012-02-01,2012-02-02,窦启玲,本人
600594,益佰制药,窦雅琪,董事,23700.0,57300.0,二级市场买卖,2012-07-03,2013-06-19,窦雅琪,本人
600619,海立股份,冯国栋,高管,3000.0,43080.0,二级市场买卖,2012-02-01,2012-02-02,冯国栋,本人
600619,海立股份,郭竹萍,董事,40000.0,99810.0,二级市场买卖,2012-08-28,2012-08-29,郭竹萍,本人
600619,海立股份,郑敏,高管,17600.0,22400.0,二级市场买卖,2012-09-07,2012-09-10,郑敏,本人
600634,ST澄海,陈继,董事,100000.0,100000.0,二级市场买卖,2012-11-16,2012-11-16,陈继,本人
600645,中源协和,曹海峰,董事,50000.0,50000.0,二级市场买卖,2012-07-11,2012-07-12,曹海峰,本人
600651,飞乐音响,朱开扬,高管,321.0,1926.0,分红送转,2012-07-02,2013-06-04,朱开扬,本人
600667,太极实业,顾斌,董事,4750.0,9500.0,分红送转,2012-10-12,2012-11-06,顾斌,本人
600667,太极实业,顾斌,董事,2850.0,12350.0,公司增发新股时老股东配售,2012-11-06,2012-11-06,顾斌,本人
600673,东阳光铝,张红伟,董事,600000.0,600000.0,二级市场买卖,2012-09-05,2012-09-05,张红伟,本人
600675,中华企业,朱胜杰,董事,23998.0,263979.0,分红送转,2012-05-22,2013-06-28,朱胜杰,本人
600697,欧亚集团,曹和平,董事,29800.0,319300.0,二级市场买卖,2012-01-12,2012-01-12,曹和平,本人
600697,欧亚集团,曹和平,董事,83801.0,433201.0,二级市场买卖,2012-04-20,2012-04-24,曹和平,本人
600697,欧亚集团,曲慧霞,董事,31400.0,92338.0,二级市场买卖,2012-05-22,2012-05-23,曲慧霞,本人
600697,欧亚集团,曹和平,董事,11000.0,492901.0,二级市场买卖,2012-06-04,2012-06-06,曹和平,本人
600697,欧亚集团,曹和平,董事,20000.0,525501.0,二级市场买卖,2012-07-04,2012-07-10,曹和平,本人
600697,欧亚集团,曹和平,董事,20000.0,603701.0,二级市场买卖,2012-08-16,2012-08-22,曹和平,本人
600697,欧亚集团,曹和平,董事,15000.0,680001.0,二级市场买卖,2012-10-29,2012-11-05,曹和平,本人
600697,欧亚集团,曹和平,董事,8000.0,688001.0,二级市场买卖,2012-11-13,2012-11-14,曹和平,本人
600697,欧亚集团,曲慧霞,董事,17200.0,119938.0,二级市场买卖,2012-12-04,2012-12-04,曲慧霞,本人
600703,三安光电,黄智俊,高管,104600.0,311000.0,二级市场买卖,2012-12-04,2012-12-12,黄智俊,本人
600704,物产中大,沈进军,董事,16600.0,16600.0,二级市场买卖,2012-05-23,2013-07-31,沈进军,本人
600704,物产中大,王晓光,高管,6500.0,20000.0,二级市场买卖,2012-07-16,2012-07-20,王晓光,本人
600705,ST航投,于洪波,监事,13096.0,19332.0,其他,2012-08-28,2012-09-17,于洪波,本人
600712,南宁百货,周宁星,高管,664.0,1770.0,分红送转,2012-04-24,2012-12-28,周宁星,本人
600740,山西焦化,郭文仓,董事,20000.0,20000.0,二级市场买卖,2012-07-05,2012-07-05,郭文仓,本人
600754,锦江股份,俞萌,高管,10000.0,251770.0,二级市场买卖,2012-06-04,2012-06-08,俞萌,本人
600756,浪潮软件,王春生,监事,200.0,600.0,分红送转,2012-05-11,2017-11-13,王春生,本人
600761,安徽合力,杨安国,董事,968.0,5807.0,分红送转,2012-06-20,2012-06-28,杨安国,本人
600763,通策医疗,张弘,董事,32213.0,32213.0,二级市场买卖,2012-01-17,2012-01-17,张弘,本人
600766,*ST园城,徐诚惠,董事,867715.0,867715.0,二级市场买卖,2012-05-25,2012-05-31,徐诚惠,本人
600770,综艺股份,昝圣达,董事,50000.0,18559999.0,二级市场买卖,2012-01-05,2012-02-01,昝圣达,本人
600770,综艺股份,昝圣达,董事,20000.0,20503914.0,二级市场买卖,2012-02-01,2012-02-23,昝圣达,本人
600770,综艺股份,昝圣达,董事,73200.0,20744363.0,二级市场买卖,2012-03-23,2012-03-26,昝圣达,本人
600770,综艺股份,昝圣达,董事,10372181.0,31116544.0,分红送转,2012-07-17,2012-08-30,昝圣达,本人
600770,综艺股份,昝圣达,董事,150000.0,31266544.0,二级市场买卖,2012-08-30,2012-08-30,昝圣达,本人
600770,综艺股份,昝圣达,董事,4135226.0,35402770.0,二级市场买卖,2012-11-28,2012-11-29,昝圣达,本人
600794,保税科技,全新娜,董事,144900.0,3632580.0,二级市场买卖,2012-02-17,2012-02-20,全新娜,本人
600794,保税科技,全新娜,董事,263234.0,3895814.0,二级市场买卖,2012-04-24,2012-04-25,全新娜,本人
600794,保税科技,李金伟,监事,30000.0,300560.0,二级市场买卖,2012-08-21,2012-08-22,李金伟,本人
600795,国电电力,冯树臣,高管,120000.0,120000.0,二级市场买卖,2012-07-17,2012-07-18,冯树臣,本人
600801,华新水泥,周家明,监事,10000.0,20400.0,二级市场买卖,2012-06-25,2012-10-22,周家明,本人
600804,鹏博士,杨玉晶,监事,380000.0,380000.0,二级市场买卖,2012-06-01,2013-07-15,杨玉晶,本人
600809,山西汾酒,韩建书,高管,30200.0,60400.0,分红送转,2012-06-13,2013-05-08,韩建书,本人
600815,厦工股份,白飞平,高管,6000.0,36000.0,公司增发新股时老股东配售,2012-12-21,2013-12-09,白飞平,本人
600832,东方明珠,林定祥,高管,20000.0,70691.0,二级市场买卖,2012-01-06,2012-01-09,林定祥,本人
600841,上柴股份,施一蒙,监事,10000.0,10000.0,二级市场买卖,2012-02-10,2012-02-21,施一蒙,本人
600841,上柴股份,朱建康,高管,6000.0,16000.0,分红送转,2012-06-05,2012-07-20,朱建康,本人
600845,宝信软件,陈健(董秘),高管,6500.0,13000.0,二级市场买卖,2012-12-31,2012-12-31,陈健(董秘),本人
600894,广日股份,吴裕英,董事,5000.0,5000.0,二级市场买卖,2012-12-25,2012-12-26,吴裕英,本人
600962,*ST中鲁,全宇红,高管,1200.0,5200.0,分红送转,2012-07-12,2015-11-18,全宇红,本人
600970,中材国际,于兴敏,董事,20000.0,20000.0,二级市场买卖,2012-07-04,2012-07-05,于兴敏,本人
600978,宜华木业,万顺武,董事,720000.0,720000.0,股权激励实施,2012-06-14,2012-07-24,万顺武,本人
600980,*ST北磁,李炳山,高管,10000.0,10000.0,二级市场买卖,2012-02-08,2013-06-03,李炳山,本人
600995,文山电力,周泠伶,监事,6000.0,6000.0,二级市场买卖,2012-08-31,2014-01-14,周泠伶,本人
601010,文峰股份,徐长江,董事,264298.0,264298.0,二级市场买卖,2012-11-29,2012-12-04,徐长江,本人
601010,文峰股份,徐长江,董事,33474.0,472172.0,二级市场买卖,2012-12-03,2012-12-04,徐长江,本人
601012,隆基股份,李春安,董事,43185120.0,97166520.0,分红送转,2012-06-27,2012-10-26,李春安,本人
601012,隆基股份,钟宝申,董事,417000.0,5017188.0,二级市场买卖,2012-12-04,2012-12-04,钟宝申,本人
601208,东材科技,曹学,高管,500000.0,500000.0,其他,2012-11-08,2012-11-09,曹学,本人
601216,内蒙君正,卢信群,董事,5890000.0,11780000.0,分红送转,2012-05-24,2012-06-14,卢信群,本人
601222,林洋电子,虞海娟,董事,2000000.0,12000000.0,分红送转,2012-06-01,2012-07-26,虞海娟,本人
601318,中国平安,孙建一,董事,200000.0,200000.0,二级市场买卖,2012-05-30,2012-05-31,孙建一,本人
601318,中国平安,孙建一,董事,590000.0,1272380.0,二级市场买卖,2012-06-01,2012-06-01,孙建一,本人
601328,交通银行,张冀湘,董事,800.0,37980.0,二级市场买卖,2012-06-18,2012-08-07,张冀湘,本人
601336,新华保险,康典,董事,30000.0,30000.0,二级市场买卖,2012-09-11,2012-09-14,康典,本人
601336,新华保险,朱南松,监事,4350000.0,4350000.0,二级市场买卖,2012-12-17,2012-12-18,朱南松,本人
601360,江南嘉捷,金志峰,董事,130000.0,45406040.0,二级市场买卖,2012-04-26,2012-04-27,金志峰,本人
601360,江南嘉捷,金志峰,董事,100000.0,45506040.0,二级市场买卖,2012-12-07,2012-12-07,金志峰,本人
601398,工商银行,张红力,高管,2000.0,2000.0,二级市场买卖,2012-07-03,2012-07-05,张红力,本人
601566,九牧王,吴徽荣,高管,132000.0,132000.0,股权激励实施,2012-06-20,2012-06-28,吴徽荣,本人
601567,三星医疗,缪锡雷,高级管理人员,100000.0,300000.0,公司增发新股时老股东配售,2012-07-05,2018-05-30,缪锡雷,本人
601601,中国太保,孙培坚,高管,1500.0,51925.0,二级市场买卖,2012-08-20,2012-11-12,孙培坚,本人
601601,中国太保,孙培坚,高管,5000.0,56925.0,二级市场买卖,2012-09-18,2012-11-12,孙培坚,本人
601601,中国太保,孙培坚,高管,3400.0,50425.0,二级市场买卖,2012-10-31,2012-11-01,孙培坚,本人
601601,中国太保,霍联宏,董事,28600.0,73100.0,二级市场买卖,2012-11-01,2012-11-01,霍联宏,本人
601607,上海医药,沈波,高管,17300.0,71700.0,二级市场买卖,2012-05-07,2013-10-30,沈波,本人
601607,上海医药,沈波,高管,33000.0,54400.0,二级市场买卖,2012-09-24,2013-10-30,沈波,本人
601616,广电电气,赵淑文,董事,25100820.0,25100820.0,其他,2012-07-13,2012-08-01,赵淑文,本人
601618,中国中冶,邵波,监事,20000.0,45000.0,二级市场买卖,2012-09-20,2012-09-24,邵波,本人
601633,长城汽车,崔之愚,高管,175000.0,175000.0,二级市场买卖,2012-01-13,2012-01-17,崔之愚,本人
601799,星宇股份,张荣谦,董事,156000.0,156000.0,股权激励实施,2012-01-12,2012-01-17,张荣谦,本人
601866,中海集运,李志刚,高管,50000.0,50000.0,二级市场买卖,2012-09-03,2012-09-10,李志刚,本人
601886,江河集团,戴竣,董事,15000.0,15000.0,二级市场买卖,2012-01-05,2018-05-31,戴竣,本人
601886,江河幕墙,熊宝,高管,20000.0,20000.0,二级市场买卖,2012-01-10,2012-01-12,熊宝,本人
601886,江河幕墙,刘载望,董事,100083.0,142043283.0,二级市场买卖,2012-08-30,2012-10-17,刘载望,本人
601919,中国远洋,万敏,高管,5000.0,25000.0,二级市场买卖,2012-05-10,2012-09-10,万敏,本人
603333,明星电缆,盛业武,董事,1250000.0,3750000.0,分红送转,2012-10-17,2013-06-08,盛业武,本人
